DateTime,hostname,node_type,%usr,%sys,%iowait,%steal,%idle,%soft,%irq,proc/s,cswch/s,runq-sz,kbmemused,kbmemfree,%memused,kbcached,pgpgin/s,pgpgout/s,fault/s,tps,bread/s,bwrtn/s,await,avgqu-sz,%util,rxkB/s,txkB/s,rxpck/s,txpck/s,rxerr/s,txerr/s,ldavg-1,ldavg-5,ldavg-15
2024-01-01 00:00:00,compute-01,compute,38.11628896056285,6.574555219300232,3.5234787529876432,1.0516538910791275,22.232924651480435,0.8124693419027355,0.43675820083913786,44.41093097742839,4036.7387129079257,1.425927041885263,85010015.9600879,0.0,67.9896564111457,10555986.02455894,49.10760203870183,24.65285457216567,926.1062524844623,89.46480704377899,578.5322651423696,915.718425843975,3.8109606511550993,0.4826538666235638,18.828465332195027,5591.527812468109,7242.635326309019,2343.733146476349,2532.859336966482,0.07855564078228217,0.07234467888203246,14.24411290269732,12.981514339830891,11.477071400920517
2024-01-01 00:05:00,compute-01,compute,36.83976228083855,6.740417491317518,3.5686524539254396,1.0428060055211938,22.963296106123607,0.7743145493182444,0.43756371780544506,42.97715348642435,3960.546331943566,1.4741086046451288,83495904.72793062,0.0,68.32105978936185,10686994.84310987,47.903186474449996,23.461004314976872,864.8392007779252,87.9677608552844,562.760808204133,870.9162960260007,3.942123859525823,0.4688458427364407,18.44099167676673,5781.371158753355,7781.838014339429,2359.1395525364073,2625.119811139187,0.0888819758475828,0.08195785225597832,13.785937095853402,12.817980936734042,11.688180040693732
2024-01-01 00:10:00,compute-01,compute,36.67853427517112,6.664813317492286,3.542853159027358,1.032634136374803,23.018686853695044,0.7654913489219357,0.44170742553261655,44.81589277056448,3940.472417142592,1.432492496951217,83348587.84654741,0.0,68.23743247722284,10757004.090288578,46.24531272139019,24.289799877794096,851.0318942757563,86.1709666363879,594.8560276519263,906.8206581132654,3.8963903556283643,0.49079001337834677,18.464830044554315,5785.962597461329,8185.417097826201,2353.938327351186,2562.59852018651,0.08628341448274265,0.07453703722558763,13.665833459720679,13.016120747774615,11.529239064820196
2024-01-01 00:15:00,compute-01,compute,37.67928631397831,6.774375810362345,3.578489446524285,0.9985927933554936,22.255363310979,0.8060830934843465,0.42827012894474736,41.70808350194464,4022.0920783298225,1.4511220032528238,84444954.7239236,0.0,67.69783219461186,10916898.010339322,46.42514939316907,23.705619825388432,903.7740993354931,86.52727538426237,566.6627906890702,907.3505517768543,3.950594457316923,0.47172893990190723,19.273136012640112,5634.63654194811,7854.238958204838,2198.6339607807104,2720.064271625166,0.07188660891918405,0.07625039533304047,14.21510901446809,12.87699030620634,11.61765131189381
2024-01-01 00:20:00,compute-01,compute,36.615523238432196,6.706520203607418,3.503836749694483,1.0443392269507237,22.816098527787364,0.7854900943571014,0.4235411880973221,44.126649875819346,4021.3371886846803,1.4821537332028085,85280616.26810268,0.0,68.00897761928381,10881747.58295399,46.55715187526431,22.956613709842916,880.4572655911279,85.42794967393715,559.8172065459893,926.8761061154329,4.054025030379103,0.4819082412259314,17.751874423849415,5651.648546077941,7513.802081946342,2182.589084043683,2596.6613261924304,0.0822237497175071,0.07750429130409522,14.35644160545221,13.126189615355399,11.514058652605065
2024-01-01 00:25:00,compute-01,compute,37.58721246366869,6.714672059404807,3.617237310476364,1.031602256801299,22.06971852531011,0.7570741727875713,0.4347180381102988,44.95854835840542,4065.241383048955,1.4318264029633123,85400614.61294077,0.0,67.09083740623858,10481701.487021025,45.387232276768366,25.68061502876949,901.1273564824061,85.21981851956639,570.831014645773,900.6648859927216,4.099188031258084,0.4861047381544638,18.411974290943625,5736.729776281994,7590.138576400361,2191.808636632844,2573.8200203600563,0.08512549401338972,0.06820749096340999,14.133861210878052,12.811287363745933,11.258333439163856
2024-01-01 00:30:00,compute-01,compute,37.11429016038003,6.769796221130532,3.6466000020385807,1.0310635352462254,22.008892085598738,0.7592036592818543,0.4300671422820832,44.347624989514564,3941.5186258393733,1.4647891884699302,85203576.5046864,0.0,68.51174912834975,10621877.891022498,47.48484634566382,24.91083007319607,918.4029980684686,92.48635393343842,566.7182084282556,917.0423545935892,3.881940571305875,0.46662899551802317,19.344794274358176,5727.318990180066,7711.788716902231,2264.715120077089,2534.3270429921668,0.0774079743013438,0.07976207666556336,14.34987717400817,12.85649346075867,11.412436189223925
2024-01-01 00:35:00,compute-01,compute,38.91768357831577,6.737140009175228,3.6020951599585995,1.0348864949163605,21.15565882052055,0.7673953785796971,0.43101148949646806,43.423858709649224,4115.336232221886,1.4038907737354736,85688847.43727876,0.0,68.04643297674012,10685999.241868645,47.498133760323256,23.70029684566785,893.0766997453061,86.8351157272089,586.2917239627228,912.8694980155152,4.036874758691226,0.4829734052581859,18.884484422120117,5769.192231464517,8198.08517874768,2277.01855912153,2658.5691457277303,0.08250228704298498,0.08727755414089022,13.68135351662679,12.451680024712184,11.510669274851205
2024-01-01 00:40:00,compute-01,compute,37.466743276298686,6.71624504984397,3.6858571472333375,1.0197021124044365,22.074727588233877,0.7839559362533165,0.429992903832978,44.928586861800056,3897.214931355803,1.3951932649470054,84999437.12926252,0.0,67.93789944144751,10801371.963811848,48.63061896797493,24.07785244681188,881.2489519373993,87.88020273038387,589.6043570182038,892.3565590139087,4.082108055857118,0.4896897506334504,18.64704688711943,5787.955696364309,8267.050603931853,2311.342959195825,2595.4510686737813,0.08350163824123251,0.0748567684164997,14.42463539722061,12.67493207815983,11.521495697479715
2024-01-01 00:45:00,compute-01,compute,36.98603207404781,6.7302118616731255,3.6016068840243887,1.0580137678454036,23.609994869584078,0.7861216701623578,0.42861044349292826,42.914611432528716,4084.577128076549,1.506170418622221,84768859.31279479,0.0,67.63038903895804,10570457.481029287,50.16152883733821,24.612398934569928,890.8027017619359,88.37642752614732,579.303703319838,857.024161528808,3.9731317825686774,0.4830548157069525,19.06583965614237,5873.368619162281,7654.0628628335935,2388.1016939790184,2602.330865835055,0.080853700676601,0.0714097402216197,13.973899100863438,12.700935988421042,11.331230093963807
2024-01-01 00:50:00,compute-01,compute,37.133177462888035,6.598231107722746,3.5402576428219454,1.038769941583855,23.039793501064246,0.7336768306457436,0.42998486514788387,44.500023369129636,4115.120011048169,1.4033711270330502,84476106.6084108,0.0,68.29956492712653,10669642.361025276,47.86583603908999,23.578428670016756,902.1736323945717,87.83906524271234,557.6422778654874,880.233409168954,3.9719662766253427,0.48122419083424867,19.138967650945524,5650.0254332134555,7548.540275128923,2278.0131416636177,2683.887007705723,0.06772843846797373,0.07786348042787941,14.138730743097643,12.844537994243751,11.60499270895562
2024-01-01 00:55:00,compute-01,compute,37.51745596401707,6.635460776123337,3.658325113293052,1.0232104454409372,22.62804160380798,0.7731164742240715,0.41958687853751847,45.36752612283954,4108.379375973335,1.5010128497075308,85255844.32941353,0.0,68.14584030370148,10947703.424940474,50.95569819726543,23.784670756159546,853.9487804850176,89.13494043126488,589.4792464766813,912.2757806817781,4.160361676388939,0.48300173223952597,18.753433848049262,5679.942567014323,7515.848813365994,2328.9209713781415,2656.272308391845,0.08904426001041088,0.08192014711513458,14.369972149101464,12.72907719418264,11.517324793762167
2024-01-01 01:00:00,compute-01,compute,36.106436270816005,6.4388814264799725,3.4710334757204335,0.9909967928484328,21.223917202214395,0.7285603479539645,0.4050892110219627,44.59309578588761,4100.061617518898,1.3772269447729175,85301803.53183617,0.0,64.96651276487682,10581249.393940669,47.99841775606073,24.302882668784484,903.6042096337399,87.32164151161594,557.6165410158295,866.6429779969299,3.9307220975478265,0.46617039501588065,17.499287914218765,5450.504579570471,7874.129429742547,2196.997953830422,2579.190513083528,0.07877066671221793,0.08712386095742983,13.975416021992174,12.84596082317298,11.400055939727604
2024-01-01 01:05:00,compute-01,compute,36.236647530488106,6.557354333197514,3.6431139626421754,0.9628330340090647,20.96379745661205,0.7866197844764785,0.4151054635144308,43.4287125352773,4059.1411666698527,1.45831095937642,84834527.16100393,0.0,65.37625321174086,10679467.559637932,45.02581268997984,23.625174139176366,862.4118580717717,87.17573294865653,529.8533662718725,795.2063370733448,4.173653045627003,0.45716611977812566,18.756637533961115,5576.069628450462,7388.289893331266,2177.1965613294055,2666.901208028091,0.06928194273412341,0.07460691525666116,14.458834215928984,12.819732546701639,11.626675152604067
2024-01-01 01:10:00,compute-01,compute,36.84340584616197,6.3738803641192465,3.5407831066217588,0.9712279533964883,21.08156228504624,0.747065353180255,0.4074042727336493,43.39622261249126,4010.136024497959,1.4266378062943026,85213372.82492363,0.0,65.48226758302718,10857065.978920335,50.41446945591618,23.241894638559668,831.2455510386171,88.90897163264218,559.1441046671408,853.8184093212271,3.884196103429601,0.4812573692451022,18.23992126708153,5689.778150532979,7412.289079562216,2163.9396611958273,2537.940735123289,0.08564448493745538,0.08126710822535846,14.065638901211141,12.573482796963017,11.355553894717442
2024-01-01 01:15:00,compute-01,compute,36.55631488458522,6.382405025004034,3.4885217277141884,1.0109126142176632,21.806556409079036,0.7658092083999539,0.417967543519194,43.81775016727551,4024.1269740637167,1.4996935228600947,84354344.51369858,0.0,65.19882731852505,10802058.568674983,46.162574786458876,24.98932565815713,868.7307427360109,90.27204218816752,537.0117513277711,826.9211058884313,4.188997941517293,0.4665094815297308,18.182766915980636,5198.602327553301,7283.2958743154595,2276.73737473981,2622.9132329658664,0.07893455202933457,0.07238966329677218,14.06815374033609,12.787143703733339,11.349023097752315
2024-01-01 01:20:00,compute-01,compute,36.61851107226616,6.458687791222817,3.393507790323835,1.0308880178694895,21.424533626823447,0.7529229997163198,0.4112976877055359,44.97032750322922,3996.361678907124,1.506237059734205,84527019.4277045,0.0,64.8235211420557,10706642.005036434,48.695509211405614,21.014319126402572,855.0236479421061,88.0754392691406,517.8354976161847,835.9055397668923,3.9700853569068797,0.49575910510981014,17.421548726909506,5309.481707426201,7202.48886705642,2188.572824493223,2710.8825413378895,0.08045653794222,0.07595691148835966,14.230677616543831,12.70596621996171,11.406542550556395
2024-01-01 01:25:00,compute-01,compute,36.41803033273081,6.495458654988047,3.5841250269172518,0.9909439089893796,22.064749007668524,0.7198792716788968,0.4103841435383556,44.703272697120184,4095.1255837725707,1.3544606201201852,83916411.7004774,0.0,66.02490835254224,10715455.506080234,49.26621892835863,24.933386118131178,905.7909224708939,92.10535541732544,521.1813071186695,822.3318018841773,4.128872015359919,0.45179522887929613,18.368940095273462,5626.165200878937,7317.203530252674,2407.358548293149,2477.3690933592693,0.08156293232704599,0.08025518639083966,14.348176557403992,12.775931625627699,11.573962891515807
2024-01-01 01:30:00,compute-01,compute,36.17274304315752,6.448477577483157,3.5110149509493187,0.9967656924945133,21.768280846786062,0.7542314478097237,0.41299915724258685,43.958261341926566,4008.371738808107,1.4958109705337508,84921782.38802612,0.0,64.8847417228535,10709475.431904862,44.76644955262075,22.70695445665247,876.7905014380144,86.22232314502776,530.6200629956888,861.0947292228975,4.041973717559658,0.4790073208975361,18.1771659671827,5314.906966643495,7340.799980452099,2232.390906462949,2686.840544695542,0.09053125702242491,0.077600394998222,14.177039543036667,12.769294281021708,11.509767440575473
2024-01-01 01:35:00,compute-01,compute,36.7884862945362,6.5289420461288525,3.593785923439026,0.9604770125664968,21.143476193056713,0.7620882234974733,0.40851984092251203,44.27634212720966,4082.9759751996744,1.3609737666813715,84105995.46866919,0.0,65.94382192324777,10716117.291994346,44.31295082436506,24.303359810222517,917.7147604960339,90.24588347207872,543.8834877150192,881.0171439695359,3.991528149990947,0.4922305963202822,17.989074280028074,5379.961402003156,7043.884759096634,2261.3389128470985,2646.9426193105855,0.07591824537531883,0.08251009455262638,14.3007022039983,12.73133887376645,11.564693679000804
2024-01-01 01:40:00,compute-01,compute,36.3819661955878,6.452597282152393,3.4479030832116826,0.9983967115247443,21.514819727535503,0.798751892341918,0.4149051888467534,44.321611165120096,4083.933892658844,1.4138965919748856,85379874.05865502,0.0,65.35197521780817,10713896.44006473,47.785894449213416,24.654023982422736,851.1574758371161,91.32303287387657,536.8749310999802,846.0568039119819,4.0558129741128575,0.47920767059221586,18.29486740502779,5823.655197737734,7401.081007610064,2193.291337614914,2698.81724297576,0.07967868256720509,0.07170781154412503,13.94828135861016,12.541977867022961,11.632248545860373
2024-01-01 01:45:00,compute-01,compute,35.73175094346246,6.429954383997747,3.4562852497817627,0.9704457910015185,21.619485800697802,0.7553168119380442,0.4133758637811995,43.74080662385045,4104.919561672969,1.3666606878877698,85183910.80291188,0.0,65.75198002765099,10725506.443693921,47.85357812695947,23.404807088157877,878.7178900394863,84.81948682603293,537.7291553274806,838.4654834352777,3.900448410367578,0.48565406408149464,18.328024966852578,5284.773412641388,7545.728551633075,2193.350019123801,2630.0801797931817,0.07823322272484749,0.07952610795598755,13.859599272393373,12.708322082667834,11.648575726584404
2024-01-01 01:50:00,compute-01,compute,35.82979552371596,6.514896072449538,3.4168866957204767,1.0195057608565048,22.478783543129317,0.732772019733114,0.4164954563990894,41.99173277578964,3990.3517135131196,1.3792389910787617,84368660.08758329,0.0,66.09345956297823,10785962.50058018,50.9852831898153,24.305744268901048,849.8793372143203,88.98904953694098,530.6785215072454,795.2708062895929,3.810469245228317,0.49198871059579186,17.983971669302303,5458.275236011393,7549.421248377642,2130.471942268437,2587.437322963739,0.07139134917873041,0.07639617745244809,14.266336939641258,12.555758327163838,11.429471163035194
2024-01-01 01:55:00,compute-01,compute,37.17276452264223,6.589810159865037,3.510900554227743,0.9931327179652438,21.128585026025434,0.7376530298394626,0.4130505111656556,45.702301473029216,4098.397521278359,1.4524911383039032,83769935.96569312,0.0,65.32221613048239,11008595.010545582,47.522581713630316,24.463778209432764,878.0788282987639,89.90292900453412,532.7168893252206,847.7155987875016,3.9556604564076214,0.5035519209104237,18.07730319496209,5429.9341164289735,7318.269587456956,2140.068012620809,2450.245289906795,0.08036278697261373,0.07911003544268734,13.736713566872288,12.936702923772385,11.350940759596924
2024-01-01 02:00:00,compute-01,compute,35.52181036277302,6.333668475427946,3.5030223845702335,0.9511325014123576,20.69786619822961,0.7080710188909044,0.4138282469662429,46.326849538214745,4036.7105263782923,1.3975290369038964,85399660.44924413,0.0,63.80426126605203,10937840.139031427,48.25691378196225,24.214176518920148,869.5389968812731,87.33875201048615,484.4969744414013,751.019584722729,4.134927048928471,0.4829330769510829,18.017856173496444,5089.923946713294,6730.703607151112,2212.212950926627,2600.892088625628,0.09399285691389427,0.0750557562857067,14.330580331053653,12.796488806306792,11.496017425171377
2024-01-01 02:05:00,compute-01,compute,36.772936161666486,6.360227088457649,3.445157826089132,0.9318194771508304,20.24776697241834,0.748702297085155,0.4014149290893458,44.18779387393114,4052.4438204087223,1.457683830249426,85087808.16726871,0.0,64.41089803918796,10785765.881863315,45.44988558480512,23.093735533069776,890.2824932720146,89.97751330314779,528.4952889187972,792.9017853153492,3.92378352209003,0.49740681726005803,17.45369642340032,4967.754820966245,6739.561335975636,2151.5667037965754,2729.902427161252,0.07604015189856711,0.07444194848753141,13.909657436391797,12.827176022152782,11.462847195666198
2024-01-01 02:10:00,compute-01,compute,34.81915599073505,6.339604907174605,3.4242398062764456,0.9528997679999679,20.240990005203507,0.7093015710558416,0.40451453238966345,43.726685751048684,4019.2860523984514,1.4457930351691681,84676712.68706638,0.0,63.79802179853082,10908921.729871057,50.13211831141388,23.767670049671462,878.7980669431189,87.85872576125975,510.49067870217925,791.6002233535197,4.0344916170155765,0.4803320864248145,17.75368878918955,4861.868721635915,6733.019547410368,2322.8417805345084,2613.2653925275804,0.0827028280533667,0.08958327291546342,14.07385493908668,12.565162523918758,11.618559133240149
2024-01-01 02:15:00,compute-01,compute,35.724597658626614,6.308286629479641,3.2512875906749086,0.9889699733861037,20.973464665091647,0.7497712560032957,0.3982640567152507,43.74562351957725,3978.6988224769498,1.3643615668947886,84237636.90531187,0.0,63.66541225277319,10841338.338361343,49.92905459530913,26.512310331674403,883.3379499783625,94.52939350271615,499.27658719490915,755.5761542392555,4.30975776150853,0.49050592947499927,17.970795938003626,4904.200666535139,7032.402316110135,2389.7986742529665,2745.421798651132,0.0737855214475478,0.0907596949073041,13.907566235470421,12.878446920029612,11.627418077357506
2024-01-01 02:20:00,compute-01,compute,35.77583455027098,6.324370365307768,3.5128349590663825,0.9826638077470896,20.250001408615404,0.7082183519671337,0.39261551265321065,46.071730141793964,4086.0230470197844,1.489679534871664,83756850.36676222,0.0,64.35975102738898,10862362.345283633,49.64060213116939,25.314752997121772,857.6207340415797,88.9031696894619,531.6040661396952,764.0791886428686,3.997345687431016,0.471000892707307,18.09210490415728,4856.616698979276,6699.247067616499,2240.39816344617,2779.755548142355,0.08211358827563034,0.0888857132208834,14.131771752932902,13.072174820951414,11.58055422141393
2024-01-01 02:25:00,compute-01,compute,36.01402367406912,6.346127068821452,3.61531424493168,0.9647894047044487,20.399446195506165,0.7391367733571127,0.39827273283887227,41.85248336055163,4011.3142055889557,1.4207545293605641,85376770.8910051,0.0,63.476968400341526,10848811.680009453,46.55740298850068,24.471240258795856,865.128335987741,87.43501994432131,510.79172897459256,795.253739401642,4.166229636858979,0.4536188172720266,18.07082144429411,5123.788607292995,6839.884346747518,2139.6294937273005,2782.7248787522817,0.08604363666069528,0.07555673713060515,14.164447999894254,12.915574716775446,11.44313959372972
2024-01-01 02:30:00,compute-01,compute,35.24901182182919,6.246157862563475,3.403902323702963,0.9496591140377532,20.50139985723483,0.737563671888199,0.41483201527367697,44.40416810722792,4080.9243689071154,1.488894247130378,84237653.96958841,0.0,63.390534170405424,10880709.74258048,48.75347521478436,24.181440825166046,884.0026897121145,87.48040435216039,505.2035945323951,797.2131752920632,4.10877950437401,0.44845365677805993,17.87314392752336,5036.5818436995705,6806.624485512554,2362.3012861791462,2645.773797193952,0.08404827235680025,0.08097626263770692,14.386924802961111,12.747866100388423,11.637539931850197
2024-01-01 02:35:00,compute-01,compute,34.464222848856934,6.238077818751275,3.465095425520286,0.9551779017237855,21.004987275016845,0.740699238070464,0.40422326115760815,42.94118500656495,3920.0297842293553,1.4822784754818032,85667744.43188408,0.0,63.46242955161703,11123376.488530459,49.146653136603284,24.43355094036816,880.5433606193874,87.02574600451385,510.57875360838835,784.2564940182384,4.065616643232926,0.4664387708964129,17.498358800428306,5074.6183428652275,7103.418666119051,2159.358768980224,2735.4400572367786,0.0845361488363117,0.0794001462559328,14.31779323696117,12.502112007793468,11.543571318012516
2024-01-01 02:40:00,compute-01,compute,35.89634783084114,6.2819494022520335,3.330289379994512,0.9418319503144442,20.58191436825721,0.7417039245952463,0.39699280565058304,43.49470765015623,4048.3613280342943,1.5051787509575647,84567640.95793268,0.0,63.84341841111536,10920455.517246556,53.58668657634731,24.231289258885376,908.8121821098295,93.08263487081543,519.6156674704641,788.2792516334214,3.942970978293096,0.4903530065398495,17.51641844302405,5075.622869427852,6776.416875009226,2218.734182458241,2768.2273540368915,0.07513381273641805,0.08033243942667732,14.495293803772475,12.734825646494853,11.532607549424915
2024-01-01 02:45:00,compute-01,compute,35.57552112876839,6.361956332713026,3.450980206527325,0.960376610144544,21.286503649451447,0.7489902507394169,0.4022509387031935,44.109667999652544,3996.1859741696094,1.493534240639134,84796766.65995619,0.0,64.01860431804397,10751098.090391023,46.78922144521512,24.16936796785807,897.391980175519,89.70162676990851,516.5079984248921,791.318254665794,4.138653040029104,0.4773985518991819,18.599706705331297,4998.330796984347,6614.74632985306,2227.2901249275665,2765.1022086104376,0.07563014830238175,0.08823403892294442,14.149750124050033,12.72019185740703,11.578518853623178
2024-01-01 02:50:00,compute-01,compute,35.82395593788131,6.274007764468194,3.3836660697068552,0.9432250458894861,21.09205398040207,0.7120021182393056,0.4023364970737086,42.68134775323818,4001.856006850555,1.4565918665645416,84270071.20904303,0.0,63.656746586410534,10700790.232085416,45.742922661924766,24.268535409934522,890.02824842037,89.77833595681591,485.8018393999674,819.5138611956561,3.946782174449624,0.46019886546789246,16.847796715897598,5031.210604834232,6844.82302419275,2259.607480419463,2605.6644449965197,0.0822002995108981,0.08738404522916882,14.08178137307707,12.672851827924864,11.496235902438087
2024-01-01 02:55:00,compute-01,compute,35.49806581091606,6.351292941094169,3.3776246759645554,0.9607904637720333,20.53016359337361,0.7411068887771023,0.39968001247922813,44.464100377264344,3989.56178264767,1.4131928089533823,85067144.55373916,0.0,64.27144513111935,10680449.829837391,47.90145057187228,24.53702478588738,862.5533663333364,85.39773121775005,509.07910215588333,843.5337280048653,3.9635934689975625,0.48592875369208605,18.146597692436554,5040.07787915884,6472.443022417005,2263.765891739458,2674.525813274606,0.07910880567516361,0.08010766354995826,14.453328665443072,12.733347726720508,11.349326845460018
2024-01-01 03:00:00,compute-01,compute,36.93217745922581,6.227297830566555,3.3944114345952006,0.980922164715796,19.264870479341194,0.7335606957919909,0.4003119548802485,43.030720154076505,4030.5409181694513,1.4002094507230287,85207102.61233716,0.0,63.38289723635156,10700696.768861251,49.38096255703771,23.57967913502849,851.0524678330083,87.17146165776215,481.32183607195316,735.6626819201114,3.908327198142612,0.49698499059851325,17.451804723760198,4442.513329880158,6710.070578841707,2162.9006558185015,2624.1465587785888,0.08087313053815931,0.08559828491345597,13.581368495348261,12.913979365253613,11.535680238545954
2024-01-01 03:05:00,compute-01,compute,35.868942780864906,6.154104516111808,3.1372021264014265,0.9536766520363253,20.705999334671766,0.7022860192590308,0.38917859268700733,42.586651519284224,4007.7537537423495,1.4406314002958798,84634996.4390089,0.0,63.060147518737324,10682926.984341219,45.954629323915825,25.200973469746632,864.8478453639502,89.62019401938261,448.41119293874823,714.7158754538794,3.7347845094102428,0.4805759966668428,18.0377560248682,4824.795589584165,6203.748103721209,2183.756982272454,2652.3359805671726,0.0733436953438719,0.07246577996272316,13.811683394139939,12.954001607705047,11.384790067645191
2024-01-01 03:10:00,compute-01,compute,35.4384047573437,6.105642308410105,3.512685985078863,0.9388193542285338,21.221060029285944,0.7457140001421854,0.40514651810453484,42.959641735766375,3875.155883111626,1.4960276898189948,85492357.11311395,0.0,63.742713143508,10618539.191041267,46.47955759401615,22.80089908648185,851.7228525899459,89.39748505413596,455.0133409957096,696.2955873696654,3.961940955780974,0.4920179930267857,17.872608401653558,4562.153484191509,6322.944609911782,2316.414601340495,2654.225192546845,0.07827095614985712,0.07501749916677844,14.112778528987407,12.799716568075137,11.611051620852596
2024-01-01 03:15:00,compute-01,compute,34.2692270954514,6.20758815174379,3.462857297513366,0.9677669357597157,20.67131246989845,0.7294019922196243,0.4037447486518384,44.72736061713387,3951.1899011009314,1.433385345079263,83855211.91583808,0.0,63.05778648420396,10727155.280927809,46.642175942917035,25.093592295957126,892.5160490004199,85.0743614989109,482.44904638952556,722.6997444898019,4.159996081638041,0.4801634668651988,17.69997093954761,4651.363641445024,6258.04993694705,2239.0395570275555,2584.3531154830207,0.08233854741588931,0.08055946011480222,14.641648683529455,13.011642507407847,11.61049062498828
2024-01-01 03:20:00,compute-01,compute,34.805464529459506,6.310902598163092,3.460276048496844,0.9637187553921785,20.809532173243653,0.7129186486611769,0.406564796688203,44.781864354091354,4215.52365290037,1.3834191633434787,84245359.63370088,0.0,63.55552489974701,10731009.1030835,49.071820697988386,24.14838109110786,860.9307641630544,83.42173792148941,454.75119458502337,690.2645981395889,4.033802647640985,0.49838643398525284,17.704818017781918,4762.392215411562,6465.207267120585,2245.4026986763433,2571.8012360334624,0.08557872555260711,0.08778118201041561,14.3156008266163,12.82136700284028,11.607094342207903
2024-01-01 03:25:00,compute-01,compute,36.22680693091145,6.194279861582887,3.4562565609048375,0.9586662392367143,20.3517680744544,0.6989979556925272,0.3995528288862944,43.06585078891676,3997.171115076654,1.514704542253466,84648189.44192281,0.0,62.896937232898594,10607592.86604946,48.50414488572903,25.431340572841556,901.1186925669198,92.15523503563003,469.12947976141993,752.8264207265308,4.015467415775911,0.4660855579273172,17.92264304370692,4666.983533710294,6555.174270191787,2288.502484119836,2650.059785861586,0.09381306388849879,0.07665577036954126,13.39103770306601,12.86442136171188,11.420684347820421
2024-01-01 03:30:00,compute-01,compute,37.22197768207692,6.225800334931542,3.2975705868430563,0.9687646829436845,19.69084631908449,0.690142555291675,0.3928573231788013,43.065268985074816,4181.425625577416,1.3978018464538093,85775017.44705063,0.0,62.920184439022634,10824947.124638766,44.59382920500491,23.82891716394523,847.5484085127746,87.90562864092044,453.16116970154906,716.4123746314191,3.9173476756983083,0.477045657822922,17.69108662121944,4610.4605502924505,6323.39857285657,2128.2483971999595,2666.9096795666796,0.07913045673216058,0.0855661353003127,14.34230728493392,12.907724609660793,11.661198663711897
2024-01-01 03:35:00,compute-01,compute,35.01787949167189,6.178453178207451,3.324662757127077,0.982870201691867,21.545067027746082,0.7051289875603898,0.39368558871471004,43.36262041329101,4017.338250959051,1.458643063281857,84486932.29882501,0.0,64.15061496284746,10929297.22496461,45.25471026209588,25.250073088963763,861.6795166844505,87.69933734300244,438.3474496171195,710.9544008027549,3.9970084006458926,0.5078776837751288,18.250429632216814,4536.920420386419,6102.93800716364,2170.388479608911,2682.4855839543866,0.08660536793805307,0.07064045178852725,14.335732761686888,12.814003696524143,11.519844204612905
2024-01-01 03:40:00,compute-01,compute,34.286934463687,6.265834378196953,3.4616557833295465,0.9645158558622333,20.461414865940966,0.7428635081716843,0.39316644858405864,44.29125896167086,3995.8390146698384,1.439001337793569,85028650.01595752,0.0,63.01555721101082,10723964.428559242,49.27303844263809,23.936083517323446,872.3057843802309,89.51484233440456,467.0693898620307,742.3163944584717,3.942576542225764,0.5238299094246142,17.407968178876533,4514.95435977184,6269.874585374575,2305.1438725440817,2668.047897013154,0.07548729697758341,0.06989372613104237,13.865756220928862,13.161057045592736,11.696303275843443
2024-01-01 03:45:00,compute-01,compute,36.03460307998469,6.401493248819353,3.2736680966476026,0.9241999103458981,20.66030081381963,0.7061904579637517,0.3941845378095894,42.76252704932189,4020.9595569985195,1.4425150335633647,85251079.15947843,0.0,62.66664226179814,10915877.65075581,50.61281024413659,23.49613153593121,905.6680995393551,85.50990710352293,477.87404023095047,751.5104594745619,3.9339012571540493,0.477310903117746,18.127560826430678,4722.4911767185495,6345.879935978316,2310.020156979092,2650.9467746409996,0.08352136001620986,0.07957022228062006,13.389164059758219,12.72526623064231,11.494377884810326
2024-01-01 03:50:00,compute-01,compute,35.986302276281826,6.157179061385367,3.2550742044815513,0.9544703391388278,20.72617964298913,0.711901739357451,0.4076973412549481,43.31271132772551,3973.1664450826506,1.4562998172398058,85552784.9177001,0.0,62.999181021183674,10719235.360550197,47.97269561130726,24.006523697244475,896.8690392125568,84.09737286797659,484.774748274374,697.4705603768864,4.160223336070922,0.48332849025872876,17.920827162637856,4409.2085407070645,6455.8650048664185,2309.731268815266,2645.380777053897,0.07730262671110485,0.07844149299642818,13.907530885669948,12.782446156232663,11.428043719674939
2024-01-01 03:55:00,compute-01,compute,34.85547726574396,6.293505807957513,3.2700057866953234,1.0230137146522913,20.244609903403315,0.7152670812751694,0.4064049237918159,43.17528078135391,4108.636869940354,1.5483993065139392,85170079.0160419,0.0,63.81858200531336,10713522.430814069,48.15604026184246,23.84715149874765,861.9260351344194,93.03197057933323,457.738575663671,706.0124596063565,3.880002822637827,0.48888267512182515,18.249673971186542,4670.736898028088,6340.95201871359,2152.3677080443263,2681.908582904827,0.07695514158555634,0.08323137542073807,13.750707581899787,12.650544831344224,11.702069746669057
2024-01-01 04:00:00,compute-01,compute,35.97720804358281,6.371606876164491,3.260470878577307,0.9742411287945277,20.605479191485845,0.713731992052582,0.4054863957303846,42.11113306920132,4039.050894438923,1.4021044960893636,84074902.36837791,0.0,63.42112920062507,10483801.218305707,47.81243734340673,22.606508290967515,868.6516509763618,89.82703105135393,423.5304914926501,648.7165189054147,4.150613431293705,0.47607305469794536,17.89414058993483,4259.218094473201,5880.10486179633,2272.406706618973,2625.341879099087,0.08042748720085409,0.079939040077714,14.084676481192144,12.749919362232061,11.67258759940659
2024-01-01 04:05:00,compute-01,compute,36.07411597732933,6.137689171363544,3.380992994253867,0.9598641681197021,20.78859360184898,0.7490417279044896,0.4066666283408264,43.186884328080474,4029.008285862054,1.400822191935205,84395028.81870602,0.0,63.47067398152902,10745006.460692916,47.35049397290984,23.40120196577218,849.6889162465126,89.20673929669096,432.66814349484855,658.046067786487,4.111838590945949,0.49306124919584154,19.12405802588329,4393.31089402421,5653.946981769787,2194.3802619917255,2704.102941772174,0.07995229373678688,0.0851932951605778,13.876526045532586,12.766768840537278,11.364999019728833
2024-01-01 04:10:00,compute-01,compute,36.409095457114724,6.363983434058927,3.35744634105723,0.9828668429958175,20.453554185742213,0.7522572390847917,0.3971234030295527,44.07517780455232,4056.1883911696605,1.4503269257854425,85305745.0843405,0.0,63.98821619450728,10668632.749914436,51.76386314006669,24.49178261170025,861.9696993701259,92.81186294336504,409.8296699967072,672.1592130266811,4.008456243080984,0.47811998494720437,17.055949890934233,3880.1315990927105,5761.702176418809,2289.6452345019734,2435.4211459062362,0.08298372786055053,0.06958546274987683,13.862385897080362,12.710147574219272,11.405523686343516
2024-01-01 04:15:00,compute-01,compute,36.28780538229199,6.313114603683569,3.3310415619403724,0.9623106610514767,20.722654312752063,0.7089506552676677,0.40162318702724886,45.06426353215244,4169.210795323245,1.4014230576016393,84350221.06501351,0.0,64.57030427639191,10774423.217876695,45.019559044986124,24.073352940041655,914.5937480745303,85.5121706976268,443.9448167336715,657.2776400114817,3.9450619247099237,0.4803277471896948,17.756374859487472,4129.13728271842,6058.236319861038,2177.7915136119527,2602.668682848316,0.07444082455524428,0.078246445433213,14.432572942232264,12.86926583151565,11.573584074711706
2024-01-01 04:20:00,compute-01,compute,34.87405400411183,6.3843744064213865,3.557193747114404,0.9816442071739604,20.78267140322859,0.7674611885426563,0.4093829568428317,43.03889239989293,4069.329363494661,1.414457036136438,84851637.15146591,0.0,63.75739812595202,10857676.333907641,50.21984201159341,22.125287056857644,887.19853956341,88.78197670111469,413.12331123284974,696.241935021252,3.987230614080628,0.5040581000111944,18.166622214309193,4058.528754493331,5832.446176534214,2376.8832776594513,2610.6832830787926,0.08195149174863436,0.07686233522552882,13.625843576584296,12.696723462145544,11.705766911630752
2024-01-01 04:25:00,compute-01,compute,36.256556510561126,6.357803319531968,3.2707924792632883,0.9868454690312379,20.22131573024636,0.7152818687605041,0.4042509672673668,42.812103343135185,4027.6894601145705,1.476693808305052,84450541.27313638,0.0,64.12521116909558,10839488.84447894,49.08001008254583,23.22594482469371,898.0490207259072,85.95874142283851,434.16888165434676,677.8051791838242,4.047142835485453,0.4839412996242617,17.459715224807926,4315.540448503147,5895.81969751727,2196.3551374293897,2699.9055828583355,0.07671759595368537,0.07818688598976674,13.658520810029778,12.834765631205228,11.587250570364528
2024-01-01 04:30:00,compute-01,compute,34.454105479198326,6.293494839006582,3.4164716563147404,0.9841127459558672,22.08935492829168,0.7097466382565601,0.40979521581516315,45.17811586218635,4183.093761681175,1.5173117753742955,85499299.28020631,0.0,63.80690159117749,10484949.596526295,47.26489532204284,23.60604301142538,921.1874422094276,87.18187068117804,432.4379808881735,667.2288607726578,3.9637902620577385,0.4660388680110697,18.514443475130395,4029.181178543536,5584.3696758085525,2343.1865764312934,2586.081848429654,0.0790928561856564,0.08303598609735087,13.94141682913888,12.894576210125278,11.653954483587809
2024-01-01 04:35:00,compute-01,compute,35.69916943486675,6.335467017628037,3.3343730443977484,0.974054114338658,20.747375604432087,0.7461149901706136,0.4103846369818018,44.200913393898055,4021.107398833187,1.3918017056013519,84270084.67587411,0.0,64.05340192465184,10764429.97126241,44.593978271764755,24.87950336645354,891.0089726062772,89.74826113572323,449.6931222308802,646.0705771640687,4.068150511883621,0.4726264291569874,17.690704025905514,4091.8749640947103,5956.469523440365,2260.376717938268,2756.793945968175,0.09143610806107923,0.07302030552909558,14.440761501638276,12.848358361230082,11.626812848139537
2024-01-01 04:40:00,compute-01,compute,35.12713445297475,6.352275430271216,3.2636588937531066,0.9891968799262806,19.83235481699805,0.7195873291150285,0.4071760428974832,45.079888096143414,4007.2607289964685,1.4041463194382307,84748518.65703526,0.0,64.65702328900764,10873883.832978778,48.23915997232704,24.97806845544348,905.5425403624537,85.80127657056167,399.402245771635,650.4595638219495,3.888238408061604,0.4826805880800231,17.586599735524413,4191.885165890646,5948.257800656731,2286.305889037864,2591.539524918535,0.07345689911426256,0.08057474034538473,14.188168728805627,12.88880176442355,11.587408436049122
2024-01-01 04:45:00,compute-01,compute,35.141448978065924,6.325038935587695,3.387755537422229,0.9629425425752213,20.46364227614618,0.6971278027160196,0.409292243962187,43.74268645283805,3899.1270675815617,1.4527711434997914,85352876.04472998,0.0,63.72056189166028,10788190.683511432,47.193104067743384,23.31329385051148,871.2884671216128,82.81696468254235,427.48916427026586,702.0756167621997,4.0155174843921895,0.48404329423915177,17.726755243506982,4110.6888597793195,5675.977788528207,2363.0602269216797,2659.2639422535376,0.08041121237074794,0.07449220649282821,13.601390324483754,13.003055765752356,11.625942141704693
2024-01-01 04:50:00,compute-01,compute,36.451877955306145,6.262904830183201,3.24124490172968,0.9773310264923821,20.87493506463181,0.7127275093669867,0.40167439213507194,42.9403779163658,4045.4642758355512,1.3934984168733728,83693699.18232265,0.0,63.52669513370994,10755309.475665959,45.29398212459024,24.45387000955037,898.4660332128777,85.05625072483889,407.10692814867303,664.1068045452662,4.070311097321469,0.4840535862871708,18.348828699162606,3891.5593515556075,5406.370584103042,2265.756090087895,2494.679300326346,0.07642621303742901,0.08236291945218598,14.621084786851382,13.072418661062983,11.393387094062
2024-01-01 04:55:00,compute-01,compute,35.193352778812084,6.268665909316125,3.3162564968792383,0.978257906602814,20.919101535994564,0.7436213316019079,0.3988543326225862,43.70394807616805,4059.7013166120373,1.43195307390895,85226920.5640047,0.0,63.66579107654071,10696897.893456424,52.03193045322262,24.021498746071064,919.9770827065292,89.27677234403015,441.23487024939254,643.6564992912005,3.987706970027527,0.4793594665865077,17.540799587071294,4542.928232981241,5450.912958785219,2146.939161146778,2786.771638557246,0.0821673295437815,0.07310985198650405,14.214112377080683,13.144186262713214,11.612331451703277
2024-01-01 05:00:00,compute-01,compute,35.610611499259896,6.293173791823323,3.4214555306528065,0.9658579267735141,22.26604092428122,0.7344566171233087,0.404254099563915,43.15675744216604,3973.592451950309,1.4637575864060786,83280679.56070964,0.0,65.78548543887072,10708092.799663842,44.70802043532196,24.18450369788124,900.5183294755582,88.8865140439745,409.704728789115,597.0990277947834,4.084272939326183,0.48314694462508884,18.205208658873214,3763.99441570522,5406.166146728767,2358.441384805633,2721.9862249284142,0.0824531377998258,0.07732742132295331,14.161841992612553,13.046610907976696,11.626734039188428
2024-01-01 05:05:00,compute-01,compute,35.622943432288345,6.434040110075145,3.5738756039131454,0.9760594798876571,22.29852517342862,0.7461067653797563,0.4153019661270592,43.59569075179085,4013.9754139855468,1.4675468270116403,84895330.62613451,0.0,65.06599701310596,10895501.348910276,52.369588887313256,24.989764912092696,873.5311091742552,83.9500135464424,377.26533620817355,645.2404840571761,4.107215789345632,0.4781033055506012,18.10179215231664,4003.937136811999,5329.082820341662,2266.4479030002403,2710.214710110144,0.08425410514316398,0.08129942239314099,13.729537019978498,12.694644299586395,11.493972436278751
2024-01-01 05:10:00,compute-01,compute,37.31713448924871,6.408090449851276,3.4909030443625118,1.0246830478037088,21.0280511527692,0.7495782326946991,0.4211620643634804,43.05538026862196,3970.6096305530655,1.418379178351358,84893881.26312533,0.0,65.37819546899799,10298173.89058637,47.93485655325708,24.5596191226908,874.1854191092291,86.06806993682447,397.3236109601255,600.5035567678401,4.062692662781565,0.4950323797966067,18.353355820830114,4052.9524819128555,5274.019107255656,2186.159101385605,2736.5349042279386,0.07818509466851238,0.07603499432212657,13.829688732089059,12.624830049959703,11.560864929022296
2024-01-01 05:15:00,compute-01,compute,36.947050605788526,6.412859379127159,3.4687167514973574,0.9528026186117297,20.997769642502867,0.7426143950785353,0.40631810170479754,41.600060801799714,3972.075703592567,1.4374550025973194,84847490.20433655,0.0,64.96726670437216,10546106.607702117,47.98346145765927,22.58428536415207,890.1920412858493,90.35742064229738,386.7104101039923,608.2407787906517,4.124044684238253,0.4886075457730849,18.627153716234616,4012.795833634576,5121.558104549429,2329.49794105364,2642.8979790166222,0.07433150347445826,0.08030528992479302,13.837657935026526,12.98306719944863,11.42524749636876
2024-01-01 05:20:00,compute-01,compute,36.46764079172144,6.378217331207959,3.51937207687018,0.9984599108599286,21.06536090923442,0.7300519050984763,0.4143399192608863,45.06255757623764,4054.530310591153,1.4784153935905406,84669661.8426037,0.0,65.45217160264453,10649883.439743612,50.14394661150823,23.938466118429538,868.9939572649515,88.26451889911098,396.5058435154421,608.6813091747335,3.9660894550382375,0.4717406056520302,18.256472102449408,3965.3473958118348,5176.1428093929535,2221.964861925892,2701.4368877985685,0.06962059405457424,0.07597569977332153,13.244025669988119,13.006472117165282,11.5309587958179
2024-01-01 05:25:00,compute-01,compute,36.087323859567434,6.435583932677379,3.2676374850381023,1.0175478612063382,21.47522746441848,0.7572346532467968,0.4072204226252273,42.579448665393684,4088.688388649707,1.4032495767844813,85162457.73044316,0.0,65.28332314617266,10803744.924406359,50.8528613122625,24.15084723204243,862.1850771008202,90.0301700600572,373.2428604698634,651.9637615283708,3.9309422209704676,0.4780996028272877,17.697055993018655,3842.926104708601,5123.796230156392,2301.2765147340806,2843.0415127727715,0.08146806474741447,0.0867417725608741,14.05989157422515,13.028712352337218,11.416746819743139
2024-01-01 05:30:00,compute-01,compute,36.43382672722279,6.4195400932220625,3.539120896929105,0.9563913307067577,22.11448097607559,0.7215447546102975,0.4111045613361527,42.19231759568056,4038.739135598316,1.5059347929490228,84786052.1264394,0.0,65.62226185135532,10786227.312672347,45.837787942688614,26.27417375047871,877.3663654643874,89.43275604398444,386.49977296999305,582.8957246570811,3.981039481505563,0.49488250075133144,18.60247136860014,4141.831394380982,5323.188713829673,2344.651648922747,2496.1592209646356,0.0853495929017837,0.06742832045622528,13.629446114718355,12.715427268022124,11.514096353496692
2024-01-01 05:35:00,compute-01,compute,36.87082902872057,6.570560538952095,3.4470382503012424,0.9983466641839568,20.900473365528867,0.7196635625128482,0.40884231343509936,42.479134300787415,4083.5486348132613,1.5205835077823964,84515537.64980465,0.0,64.67086311225528,10814262.564505909,48.67317011074614,22.93605450402097,853.5779645553724,88.60249013306674,371.9694210043665,580.6547061744479,4.08349237557078,0.48801762900239215,18.03752013899125,4112.310400178371,5373.3969255399925,2323.897735694216,2550.5151986255582,0.08011319310520439,0.08007631618800926,14.392741405584605,12.821155608870303,11.476480393209501
2024-01-01 05:40:00,compute-01,compute,36.58568996344033,6.446988462593038,3.4824052734803903,0.9728024022327475,21.12868211384299,0.7547839614489461,0.41508938236800885,43.20093035886937,3992.8601685928766,1.3625292499296677,84588446.25719468,0.0,65.60089502426732,10829083.824780622,48.84768456835303,23.0710826765804,866.8815770799473,87.68252024643017,412.9797899722288,631.8640439728309,3.996501705335727,0.47751551814298143,17.311343822789837,3975.303768491455,5535.854858012875,2274.8167464996595,2738.8133340720165,0.08269486795184182,0.07457086422742217,14.809207655945993,12.612425900655905,11.386209324443604
2024-01-01 05:45:00,compute-01,compute,37.043124115610055,6.4749704410761115,3.624057172475815,1.0026637346290752,20.54280329854171,0.7315996531848594,0.424339546053926,44.2806581254453,4168.194782537159,1.4144052468216146,84210019.1924889,0.0,65.34584911361515,10747529.261403423,48.03301834443999,23.491087296243805,882.2066317247896,87.95126572408817,397.8909174599428,612.8456389192845,3.8721167738149234,0.47042191811832335,17.671526659434015,3830.564030738015,5283.144442936306,2183.3263341814845,2761.575419345277,0.07405088618077388,0.08538659874860152,14.14701126335041,12.42058426282874,11.66909536036455
2024-01-01 05:50:00,compute-01,compute,36.886867070451686,6.437884233339582,3.4719862682825418,0.968776288322642,21.005736856862015,0.7302901609977215,0.4172637363048244,44.639938458314006,4088.442254177423,1.4817723481824596,84551625.22230722,0.0,64.82252830998603,10906481.43207072,47.53369336220522,22.95570272621078,889.3585700997414,89.11363614910529,395.28919139014346,655.6339473724059,3.915830254035662,0.46363840599344447,17.750151378346487,3998.849575654897,5285.61846411171,2322.133028541234,2677.6259012573705,0.0831610011135213,0.07796044732267099,14.175302724159575,12.770303267241033,11.645081591458382
2024-01-01 05:55:00,compute-01,compute,35.516490669333876,6.41592050916778,3.580497771355802,0.9873406155258574,22.60156246938984,0.7446684297887052,0.40668441297634933,43.341937966875165,3929.1589537644345,1.3767135314538763,85048529.84144054,0.0,65.08934245813803,10790872.581073547,44.84227473915944,24.22491675667479,870.1189869199571,86.08976582830286,399.87629306306275,609.4868121282458,4.028714629362059,0.4739387578759848,17.20826531324896,4320.530013589333,5588.074193297944,2161.9917238207327,2593.029266521976,0.07762801609786008,0.07936826670187817,13.867253256515355,12.686312208345194,11.58062306216924
2024-01-01 06:00:00,compute-01,compute,37.55454815098277,6.669743320551821,3.647684266637584,1.0255529110542319,22.185283152548028,0.7752820508381407,0.4306863452502269,42.52962044273024,4002.58672559882,1.406967332415615,83752037.21602726,0.0,67.1230959780878,10666614.151299333,48.18734124676361,23.932729399027153,885.4562390564732,92.22524038003968,360.1794164831553,562.9062427965276,4.02017239224468,0.4824111957746489,19.213972252655097,3780.4580642879723,4953.487286879279,2297.6212179101635,2516.6738353208507,0.07817708667956307,0.07502130264988585,13.817028406365164,12.719183112501977,11.508351390540993
2024-01-01 06:05:00,compute-01,compute,38.44848754919172,6.551982105483743,3.4213639299588747,1.0164169076790446,21.82500718145193,0.7822248803820228,0.42981733509365755,42.12983976408079,3829.7433846577765,1.4427916109014611,85116272.90043896,0.0,68.21034282973065,10870579.239583377,49.600127325431274,24.59426730619753,870.2095305053039,88.76097007830327,351.46298049355755,617.8744038284946,4.224544379298625,0.4610516751339551,19.558749689564113,3741.367556851525,5041.973586806327,2156.884073466881,2527.864307122495,0.08179848651319659,0.07667165249274724,14.477486319037059,12.772236228029662,11.53030303817238
2024-01-01 06:10:00,compute-01,compute,37.982963710861334,6.730039269207008,3.6779442767539754,1.0334454722960318,21.87571395666324,0.8095538386545583,0.4222072606667103,44.44723239359245,4108.873186236873,1.3818641628672175,83717159.66867383,0.0,67.01427019758971,10947343.09700906,46.13673764365246,26.233052320287253,864.6008743184589,93.38769108457055,342.8501645455475,567.9743568531804,4.175912005755865,0.4876140317163231,19.078267350081834,3762.366666552823,4930.4576708882705,2300.2494349255057,2768.1380358879305,0.08688212858089736,0.06883117342315101,14.086185644341924,12.390833696968052,11.679971838265942
2024-01-01 06:15:00,compute-01,compute,38.17317200651937,6.771669890727141,3.618020089694589,1.0095707958274263,22.025362461398977,0.764458771704018,0.43193339602262304,42.88763708143779,4028.127682906369,1.4630148342635483,85165138.1010645,0.0,67.30239993896973,10827477.915480414,46.66063407682503,26.22651104975298,878.7642823239114,85.55787434329278,368.7317314349235,561.736485600051,3.9431436736093706,0.4794474200552844,19.561477747727913,3707.9412069857995,4956.272680521753,2270.6978074542258,2715.5245764781184,0.08012212268288653,0.07015794733039653,14.236265518237632,13.013013753553226,11.509103278799627
2024-01-01 06:20:00,compute-01,compute,37.71874725357293,6.70838804425894,3.6332721138715134,1.0419247693433982,22.001187977801223,0.7741757592174837,0.42764831842000367,44.234816540302134,4053.483538756838,1.416292191490028,84332686.04119766,0.0,67.65984270574826,10663020.551184826,47.0221613648833,23.805415268374585,845.8864851279441,87.40244802571517,373.8145695207817,552.8132383571991,3.797238656677924,0.47619492350920073,18.69142494054914,3434.766169446631,5221.838302863962,2254.3911949738413,2726.7227357771694,0.07528705609497266,0.07587234291732427,13.482553563361186,12.827577475531388,11.573524449256853
2024-01-01 06:25:00,compute-01,compute,38.34800806244512,6.684327369880928,3.541539316086246,1.067769322120452,22.65750533069234,0.7565175969535497,0.43032062377193375,42.931908529469574,3819.963066726598,1.4212531281931025,84384364.73459809,0.0,67.82358552704922,10967354.30675914,45.27972824898265,23.21924043372118,875.8625453172939,92.79881359754084,376.6339456739372,583.300906183368,4.0374128232167,0.4385146016329488,18.940374299671326,3808.9727890870554,5140.121503951423,2340.3119821307514,2611.8613499872713,0.08187785021131247,0.07938313138313036,14.049079895746123,12.8463943044017,11.503354676522603
2024-01-01 06:30:00,compute-01,compute,38.472040062018934,6.543861909630367,3.6287287826827415,1.025301441517454,21.982029843330757,0.7909139575919981,0.4256804195849304,44.639583982469894,4052.5152333548717,1.4596887764283555,84426790.44675732,0.0,67.40572517278578,10689585.24106709,44.53764565015602,23.383500095222708,822.3736630509966,85.9218268243554,358.48527461920116,549.2664359853741,3.9600137519872387,0.46895422016364763,19.126652017244503,3831.718400930093,5301.260264047443,2249.8967166408984,2636.8151131964664,0.07785409173691558,0.07105254977402473,14.382105980303535,12.844511221540676,11.390817633621937
2024-01-01 06:35:00,compute-01,compute,38.05632171719942,6.6985586921767295,3.5979407798042344,1.05576209541942,21.82083688450323,0.7531760188433657,0.4170697545790361,43.22058448016268,4024.7932198591525,1.464506989765381,84721832.27337515,0.0,68.34700400162592,10916211.125989495,49.44860354202816,24.829971574002307,849.492160313825,88.41149051575348,336.21957994595914,532.9102037851097,3.959835959327219,0.45416705346034897,18.364690709899637,3550.4107461092212,5112.091971506142,2238.808381750751,2640.0078866045856,0.07955497599570345,0.08470073541651003,14.028613395859532,12.810885230634591,11.634417831158828
2024-01-01 06:40:00,compute-01,compute,38.18208183959326,6.717956523732397,3.54128928812782,1.0463707484717684,22.13673923236876,0.7696744874378437,0.4271912208237129,46.9177670179731,4053.7394728342724,1.4834476758853734,84969861.56945086,0.0,67.78989932448364,10687973.651070118,48.28879245281929,23.046581005709047,893.4653071545447,85.4386536504085,351.6694338273712,565.3645646957825,4.189965478466375,0.4724106094459883,19.341610701498848,3574.376472065246,5078.236943489053,2377.6551931152226,2743.391340338861,0.07653824529670135,0.07356844355438343,14.315436848484651,12.598889443755832,11.53881441427649
2024-01-01 06:45:00,compute-01,compute,36.805069447731576,6.764068338323136,3.622282948186873,1.0317650795885278,22.905980268912952,0.7776202463691615,0.43110457811600256,43.44627446514324,3973.112902097,1.4767358539636701,85350276.89817928,0.0,67.82402863391518,10731096.431198465,49.775719450694595,22.57065787396388,856.7110362431681,86.07969561203464,376.2918848388471,596.4563013047422,3.924430250796512,0.49940553703648194,19.639500048308282,3543.521071921491,5165.677564514874,2293.966750309963,2484.9800365910273,0.0814214249099342,0.07659511392128876,14.341906444387023,12.92220280634196,11.549636300923874
2024-01-01 06:50:00,compute-01,compute,37.02261656763931,6.666673489485657,3.629193890808676,0.9949458024406757,22.14975812650446,0.7936267190077514,0.42237484064321,44.2231099658779,4094.9071460233245,1.4901232071561543,85142783.86940669,0.0,67.79341185113185,10581153.439038506,50.01365806860498,23.46774511236079,865.5493619979047,89.33832409021585,373.1742639074157,562.9507572170476,4.117124677524737,0.479735651961389,19.629420477164906,3667.223786793368,4955.688790642579,2172.3091462261027,2462.1753880040246,0.07448786604430693,0.0812521971860994,13.796879609027897,12.693574449063949,11.477483917543958
2024-01-01 06:55:00,compute-01,compute,38.48374817700648,6.57355793760018,3.7045906939157267,1.0197251664535203,21.066977093277302,0.7784900153691178,0.42969232099934174,45.262315390699484,4040.94458191032,1.34821225883982,85081847.5207708,0.0,68.05913576932603,10733483.73821863,47.71970515554278,24.780014813105094,873.3332026620067,84.44229185718979,379.0006081654378,546.0485293408643,3.926498654593765,0.4768327444006202,19.2203899553404,3690.1502676170335,5178.285165535505,2194.073901044738,2644.6543263530075,0.07814512558393237,0.0722469779421216,13.846851358144114,12.765398070952582,11.499004191261344
2024-01-01 07:00:00,compute-01,compute,38.36872319066185,7.006409504929162,3.8167958488522458,1.114362077749412,24.640486857614782,0.806163889614267,0.44479779228670785,45.85424843824292,4044.155593852813,1.4413288804542235,85062654.90146169,0.0,70.9022769351541,10734944.523175294,45.70779451046255,23.921094214547605,874.6250361153551,88.64068300930337,364.74371509540725,539.5082468274088,4.10543448465561,0.5049477858607626,19.916130482027665,3390.1899919710145,5014.395639952843,2207.431838170823,2531.7794089151757,0.07364029684803933,0.084426565360025,14.007830962096431,12.778375050927885,11.581209709964279
2024-01-01 07:05:00,compute-01,compute,39.8796789776464,7.12531316297816,3.841991078187815,1.0655757206743706,23.454667032309196,0.8032453606697709,0.4480555416706088,43.25403102482201,4193.841156400766,1.422451136913265,84597690.79705732,0.0,71.03547252086061,10682315.041342154,45.9312199830531,25.949214553097654,886.4990339340129,93.55217662513117,364.12889323528697,553.9913220325013,3.9253042524102457,0.47045370789438024,19.418697987649033,3196.14259463352,4919.511493374166,2131.116279369855,2871.758539267594,0.07856866370261958,0.07864653488604235,13.95980724664493,12.378953130558425,11.590567607674672
2024-01-01 07:10:00,compute-01,compute,39.80862193145444,6.968064449898608,3.7392592823074176,1.0869443547183226,23.25974120905871,0.8314891341684304,0.44542208724345234,43.50205034561812,4023.8289523191843,1.4376380669753166,84576441.03179005,0.0,71.973166713843,10735241.92441785,47.365324765609714,24.614661641231294,843.251082585801,86.11228941829395,385.57043550002476,578.0618720568528,3.831217137335549,0.47762820195215344,20.08999759256552,3610.3402257411335,4786.283417779543,2279.8708334446287,2588.2707816430657,0.07944731892452256,0.0824461562424778,14.328294943619595,12.755314459077452,11.459754940566372
2024-01-01 07:15:00,compute-01,compute,39.34199149157247,7.158458336225313,3.823467800968087,1.082567279710913,23.721220076688112,0.8290497648852571,0.45542616265828334,45.01100066782668,3999.7911908630927,1.4038566231116947,85830818.8128801,0.0,70.44614742145457,10722237.912025046,46.308064561670776,23.783862129457216,899.1896307059474,85.35838717185437,317.8373711005498,571.7938669162064,3.9188450163822806,0.47197646702639956,19.697217425933644,3404.5038669307155,4547.294128215974,2359.7429907632386,2787.6046208279404,0.07887427996632018,0.09638287406676367,14.085294889520318,12.740780186284246,11.39855561936774
2024-01-01 07:20:00,compute-01,compute,38.98655827662871,6.9836682238124554,3.699194904640175,1.0728094517843703,24.249819005222818,0.8054863352750328,0.44426544435474014,44.63840663044288,4006.11781916945,1.478633828266496,83288200.49094337,0.0,71.6810951955136,10827506.59397828,48.00123071046444,25.317983759287866,861.9805637835841,86.02635364108353,367.51641313581905,558.4227570777067,3.8799239596209545,0.43970497646985063,19.381353973591743,3071.9492363479526,4741.718989352644,2202.203818153373,2680.3103398111416,0.07225162108270873,0.07550151064474374,14.02152030451274,12.999491898081011,11.420047443709425
2024-01-01 07:25:00,compute-01,compute,40.199720102337444,6.944874300783176,3.734641651721133,1.0837593405320238,23.357744645888992,0.7910726001734193,0.45088470549855814,43.26988093006872,4118.193839265416,1.5169819042835295,84296086.42340904,0.0,71.12011177271398,10737059.166275458,44.98988865090411,24.049814941415473,841.6149869188438,91.12510867651808,360.55365918086045,548.5625125306119,4.056926054860697,0.49817429551342596,19.712112965174132,3503.1973742562313,4950.508926242771,2221.0810104348384,2750.677907998546,0.08232346945628793,0.080077998822261,14.11105234329773,12.784483765603618,11.701923156175551
2024-01-01 07:30:00,compute-01,compute,39.061912489046925,7.000210546795361,3.6906907748600046,1.0812647061946452,23.579549702088606,0.829631694520527,0.4481246658711886,44.40854899851691,3928.519210920253,1.3714941415571358,85318679.49256611,0.0,70.54053175871313,10783623.20985837,49.59028253612567,24.311422040873897,884.7036174965269,90.20299922567213,365.43296699042173,499.40953155552296,4.014697942861125,0.497186176519372,18.95371688158546,3661.190163407145,4793.93787244811,2319.578658337446,2627.4395193961673,0.07596436658416422,0.07932790579562045,13.883508849396117,13.067079464367467,11.43760541960414
2024-01-01 07:35:00,compute-01,compute,39.061163219561635,7.03207617527089,3.9388641260425588,1.0690456771731938,23.471924925398554,0.8129371677774095,0.45505969880495206,42.68108323645691,4121.303363666155,1.4268582922183028,85731226.62867448,0.0,71.80324197079936,10747251.028595582,48.6312027023433,24.220465507997307,894.024841327854,84.99657239249333,367.8611394204564,607.1714332488958,3.9732247953387305,0.4466946711960377,19.892709292334583,3490.2540210464326,5134.381891981618,2399.4940564966996,2653.5398825035204,0.07951400382960461,0.07348425844305204,14.186691171949269,12.538751323330686,11.471216591517035
2024-01-01 07:40:00,compute-01,compute,40.28439637891792,7.146193091184196,3.906330360508916,1.1041633928778358,22.5839812527375,0.82764316526965,0.44823816427518626,42.61587024908362,4118.1728353874905,1.4506082769896154,84176120.32445142,0.0,71.60209949153818,10542461.851797005,49.47276418483759,24.393845456297754,835.0133879790552,87.90196713997616,359.52475223910363,558.0147028291469,4.326403218120583,0.4794450900517412,20.472815213198306,3580.937128443992,4765.403332132456,2303.4503291149836,2740.3687278303096,0.08841935231266158,0.08210956309892284,14.146856013536341,12.761493996042129,11.577309924084808
2024-01-01 07:45:00,compute-01,compute,39.26969480880118,7.009688336298233,3.7619293867500687,1.0534897398361311,23.66769724199078,0.7910401984737506,0.4495195511480593,45.9670958107288,4108.613673980953,1.350620707853369,85574767.44239447,0.0,71.2203534082797,10880112.90222891,46.88934651439926,23.002175040197045,893.4831869129931,90.09627606775524,344.49420450478993,559.6994257549112,3.9627392952675007,0.4545810410905072,19.950895449194977,3298.3337982470794,4619.9242388166485,2192.9997732616703,2742.089457977992,0.07886709383583208,0.08207919486376972,14.206398975018931,12.818862558805874,11.285329984208076
2024-01-01 07:50:00,compute-01,compute,38.87692097374052,7.210893264986482,3.7127359552932346,1.091301018685376,22.959778152402357,0.8121056895135809,0.4470848791514284,43.64122493981435,4023.1151018729493,1.3968895326499524,84551278.04524735,0.0,71.0317323737617,10683197.676359216,49.4228132139161,24.632240984699017,931.359004199241,87.42004106624218,356.46491735949945,529.0818967343704,4.039087319824125,0.490588746754361,19.8080938212515,3453.388500657092,5122.913312340477,2179.9110870160243,2604.062124941322,0.08526687862361097,0.08221822857369458,14.14210119047358,12.573798128108926,11.658389449103382
2024-01-01 07:55:00,compute-01,compute,38.25094349385707,6.995298120328725,3.7786180137703225,1.0460034744120537,23.90783833490228,0.826865412468503,0.45058584674546126,44.22972488556558,3833.9030427483876,1.3631808309241489,84997111.65965953,0.0,72.24139675515688,10578944.460729226,49.87764868366657,23.141526092446124,913.2468827202249,87.43241744488333,349.4703578356779,541.82850307102,4.037132912845279,0.4780449988740882,19.8746854011513,3454.7087303735093,5059.9381546424565,2209.931351347934,2608.962334371311,0.08322458198317517,0.07520171366078415,13.828800505897087,12.697898344043793,11.55229022521613
2024-01-01 08:00:00,compute-01,compute,42.38257182718171,7.379648828226048,3.9268678284918317,1.1172328118665513,23.95113734050765,0.8217118477535698,0.4696690805722581,44.21164321836493,3915.497768091152,1.4539466395210838,84483453.77764697,0.0,74.41294612497883,10474100.34612157,49.206711348969584,23.001910252123835,893.829940021208,86.78174967478239,351.6383437510002,507.7388105626215,3.8498002370122655,0.4715579213708183,20.235184087319546,3002.820507718547,4834.902910433795,2260.691228927366,2683.6457333089184,0.08126403881733596,0.08780248132839458,14.486874933478907,12.985115510580814,11.450130900674218
2024-01-01 08:05:00,compute-01,compute,41.67731618078213,7.250794120257319,3.988073284847684,1.1277151616422674,24.42904573115676,0.8437159641269193,0.48415670686041384,44.804877467910124,4048.597805683375,1.427164182056745,84211711.87419555,0.0,75.06447227498637,10958988.689414432,46.963942907753896,23.9735915366466,868.2372474908592,93.10204939995556,354.62361138243335,577.4572571023205,4.053283250891674,0.44094145957261044,20.730510515460065,3249.7804712985258,4682.934927712999,2347.153798372515,2701.5239499861964,0.08577927518769494,0.07853611911707745,14.016143148759118,12.824476354896008,11.543242534299644
2024-01-01 08:10:00,compute-01,compute,42.96828241902984,7.318945027551558,3.8240790725959823,1.1423057828943928,24.141575729267423,0.8527016892221323,0.47851806002218866,43.0233103215497,4149.403697083621,1.457841548234479,84634792.94040702,0.0,73.88988347955954,10504093.547483357,49.32184751118429,25.175144262257774,870.6762077617307,82.78485947897602,355.2189088174024,539.6592232206605,4.1407370106662515,0.45199164823719484,20.454874329303287,3242.5863751285515,4794.18515399413,2228.3359149441676,2748.8872239110196,0.07824216512675436,0.07882154169703835,13.786516759423089,12.848073896500265,11.747467630794544
2024-01-01 08:15:00,compute-01,compute,41.06571125902895,7.400346615720863,3.979875927844353,1.1398410187314385,23.98116057137439,0.8418222932091401,0.47598422101821203,45.31163041794801,4140.489213677886,1.5421979314225411,84878176.61483896,0.0,75.35296415830291,10510584.935656587,49.40755833934694,21.630008325551522,892.2059789165789,89.15084464167222,357.51579542086574,527.1235333828633,3.800237944097265,0.4824328271573616,21.149651579329955,3365.622648195181,4406.367472412146,2110.9014911873837,2540.9605960590256,0.08278187169267018,0.08093930695058482,14.207297005147286,12.887322203453916,11.534659210163861
2024-01-01 08:20:00,compute-01,compute,41.406068933396895,7.34698946358586,4.053748173636438,1.120020881451041,24.318801826208023,0.8415145661294403,0.4835597098976066,44.88437843608884,4099.001187313422,1.463810621922835,84626321.20690784,0.0,74.59158220676372,10798995.992554104,46.85442008753389,24.0283277498893,845.2987898512986,88.92611452007196,349.4247367979571,536.9275266008782,3.8750704062432013,0.4907658752985275,21.90615936830548,3570.387838133966,4757.328944530337,2161.151017384487,2625.022599285738,0.08448475257712511,0.08238186413164598,14.175447632416196,12.913963102945823,11.403883108836313
2024-01-01 08:25:00,compute-01,compute,40.83484361399729,7.482266047868025,3.908469968596099,1.1281159189463295,25.136530103979148,0.8578382074236565,0.47834399304735,42.700804404861806,4077.9706406473165,1.457089774147947,84739974.00007677,0.0,74.6584993706624,10787170.050518665,47.67012211325896,24.535267969475637,860.5194935391382,94.21882653807165,368.1408638960277,502.21054749500195,3.826337339449961,0.4668696233984031,20.722256768249608,3374.730824559041,4869.465454256839,2251.5520544875058,2638.9273196284225,0.07900767370928227,0.0792908650820655,13.96407646908328,12.92869737416456,11.516479509446278
2024-01-01 08:30:00,compute-01,compute,42.40766128199916,7.375874233246615,3.9301065209387858,1.1519748265769982,24.229456166939038,0.9026812937892718,0.47278008430911966,44.2030541970776,4172.854331767258,1.4331441054611165,84067339.60187235,0.0,74.55416362566217,10884488.619880926,45.458859041795954,24.707031818085028,930.3992891225469,86.40962086749022,309.53727224255533,507.52984604602943,4.075266548986241,0.48398275320895523,20.461484821304563,3284.589315745008,4914.536777278274,2334.733321916133,2556.2300085404795,0.08008678498330798,0.07460706147339832,14.527408497524421,12.981559980110156,11.639217794537778
2024-01-01 08:35:00,compute-01,compute,43.29622060307702,7.482821422773114,4.030766011560964,1.1510000615741645,24.217926192261416,0.8525857848737979,0.47789563711103555,42.365755039734786,3920.8632762646894,1.4457774484059083,86301342.43712199,0.0,74.47561819535478,10625516.274025885,49.25762070594955,24.47498399311236,903.7694512496171,91.450257165795,348.9352565166232,540.5250497601597,4.05244540616807,0.4550097879373164,21.77326234875073,3400.099835880744,4611.742989637369,2175.4240390281866,2610.775594050729,0.08173324524815154,0.07290552358993686,14.004064638418834,12.597796994932411,11.780833579072723
2024-01-01 08:40:00,compute-01,compute,41.63747810703877,7.25048960410358,3.874389259976919,1.1634645736577003,24.266096938323056,0.8476208962757622,0.4858902431732315,44.60086384876868,4050.8482463127016,1.4558690153902258,84521353.24073423,0.0,75.09075985736139,10790503.261781096,48.32960857245857,25.36549897953404,910.7129820032154,84.1057273812719,341.18596007366256,522.0435722266668,3.899717276539344,0.47223922933940193,20.92100066964737,3377.814996128909,4853.655339193897,2275.4746587791074,2692.4845529020777,0.0770964473370445,0.07787068323883892,13.940593381617159,12.627207058486231,11.357714642600262
2024-01-01 08:45:00,compute-01,compute,41.111184325070504,7.370344564972814,3.978505194688917,1.1288211984327687,24.679623911146372,0.8706975691794098,0.47079090684530356,44.12582016066709,3888.6509456707213,1.4243434166052744,84294752.54216006,0.0,75.28735273921477,10571773.527609805,49.32633947302992,23.764888589370987,863.6025858172952,85.08537449068157,329.85611676732896,473.70242576301825,4.094916239274821,0.49004127599216857,20.735531804121813,3774.0223817635733,5053.124081126644,2113.033164164354,2530.198456343857,0.06769058743533198,0.07929929662455622,13.929825381655943,12.671559131528257,11.579767292917813
2024-01-01 08:50:00,compute-01,compute,42.16152875255478,7.272462353090179,3.831362394002287,1.1590239643241376,24.225692401094147,0.8747734977479594,0.4754297420509179,45.268668576309,4007.828395237305,1.4727781869136358,84799855.1897,0.0,75.29480935080484,10621455.380114747,48.23732190112723,22.859239301012227,879.9247695256366,83.47348124778536,346.35950859190973,543.6759548186205,3.9758298737210698,0.46876011714533056,20.871610720879996,3530.9170158168627,4472.349878543466,2161.7961057127955,2581.0397133455513,0.0830518854251564,0.08942495102045966,13.762736734965584,13.006432982898337,11.656157001846244
2024-01-01 08:55:00,compute-01,compute,41.37710425505392,7.387491438903533,3.9711985293635617,1.1303637971740466,24.55671887571453,0.8373570918582317,0.47560164701403695,43.105823192416445,4006.3172393071754,1.4223686908472486,84880685.31304324,0.0,74.86883906704007,10924421.013108276,46.723270944370974,23.51825705824202,906.4352543180495,91.70149230700548,345.08200427439704,589.0698272514162,4.014721813194096,0.477119790949815,21.255927741885102,3625.333549805605,4899.899105648735,2154.0860864933093,2703.917631619586,0.07862772135428217,0.08291361813863592,14.151673352552349,12.717664201614284,11.560538540214878
2024-01-01 09:00:00,compute-01,compute,42.936855868175286,7.880499836887372,4.278926489064998,1.1999889437174536,25.960915235117582,0.8964050338346564,0.5100187818143332,70.05049355473754,6516.219876527469,2.2808043323637346,134217728,0.0,79.34680647494044,17256628.35045368,79.83599801575355,40.46256078348206,1401.2727875558362,138.52567012643806,360.0063332943916,562.4656152380938,6.466623663909141,0.7698251413698182,22.331507468701595,3546.91685922958,4611.880016751033,3642.740780733222,4301.146890253164,0.13348899781203594,0.13699037321658275,22.76839194688531,20.794172276573438,18.754393996317145
2024-01-01 09:05:00,compute-01,compute,44.91781880229288,7.949369296545785,4.271206161639979,1.1902872829135434,25.65181424675081,0.9053427417292049,0.5071959351704864,69.6853574954229,6559.415090975015,2.359683468599928,134217728,0.0,78.87716644280171,17474749.414070193,77.52772825890946,40.14979069803986,1401.897280268835,142.8312665272235,359.79683088926583,590.4623264292838,6.389132942230167,0.7762559430988416,22.41135562377171,3374.084801086213,4676.14665001778,3667.7297810566315,4341.667817116452,0.13615353479906114,0.1290920023974933,23.07638665471298,20.790554588094764,18.83607145208567
2024-01-01 09:10:00,compute-01,compute,44.25691809872706,7.845759815726243,4.255021382634941,1.2011338461309342,25.710518214896453,0.9271515183875809,0.4996550317537755,69.309471075878,6487.791194062447,2.311527328891608,134217728,0.0,79.39064838766048,17575097.247681897,77.23900720415224,38.64860576519089,1419.9745839024172,141.74189304034476,362.9069214038233,591.6582844813215,6.5035156107643886,0.7794817195215125,21.11868574783615,3490.787877795675,4856.71609389641,3602.8616155405125,4314.985322937756,0.13653267572436023,0.13304462833946515,22.475110983943807,20.82220100170485,18.994890879938023
2024-01-01 09:15:00,compute-01,compute,43.67705686379603,7.75820181191619,4.336335624053537,1.2345544064781273,24.70839797340769,0.8791582899996312,0.5023345127333625,70.23027359846172,6599.573221146306,2.35699090329124,134217728,0.0,78.9735845370944,17593665.15488823,83.64877851441466,40.03862987809219,1417.9211963591576,142.45023820697875,360.5262043338191,560.9690470090611,6.47151255785288,0.7975292155214057,21.710444333682652,3724.7680376553785,4547.08825516735,3622.2943701311983,4278.774105803196,0.13531280709055926,0.1269580943408114,22.795204501530808,20.80884799607948,18.813407593804
2024-01-01 09:20:00,compute-01,compute,43.96146807081086,7.866324094565495,4.229984945350254,1.1855002042117289,25.97070201942265,0.8842871143494817,0.49710179109746266,69.47374466833595,6584.539860525408,2.381551088667943,134217728,0.0,78.88414825744259,17311044.416249324,78.32059091533763,38.18497356131309,1436.5205039550985,145.82535646468,358.9755346988107,515.7275004821443,6.4142707213178065,0.7988746537192224,21.25359295790851,3555.4707442958884,5025.325010326649,3607.710695493425,4184.776736517671,0.13475840006242024,0.13023159234579562,22.980433774277028,21.119888114770696,18.92541569012826
2024-01-01 09:25:00,compute-01,compute,44.64736782232995,7.686238240137858,4.230406035129305,1.18687689881695,25.460046269107487,0.9087310349144153,0.49523833639007464,70.28642502998012,6331.553003718203,2.3908144759205974,134217728,0.0,78.76739603148124,17323510.58661152,77.89845705624121,39.191146223498066,1439.2415960531448,142.25882124518887,345.64606672736306,551.8121897994116,6.634253493447981,0.7718066462389549,22.106557703491493,3527.621341821648,4751.03124291169,3580.154231354615,4021.9620407456564,0.1263987543193142,0.1339557659106964,23.11905725924315,20.821478585471905,18.588279966851104
2024-01-01 09:30:00,compute-01,compute,43.237705706301305,7.804276677712381,4.230041766953625,1.2334063607482266,25.320974911251664,0.9385910957139568,0.4951959539093925,70.2702727287579,6554.962379517779,2.363321313216711,134217728,0.0,79.01063338262146,17189850.59125879,77.08249811564139,40.09934745828079,1431.8304002097257,138.50692613526624,337.28698205040916,553.9508305769888,6.453881546427724,0.8061540713363884,22.291609276353665,3520.6104350289816,5027.57807689903,3661.576558497975,4259.351863472427,0.1305070076069919,0.13105300334193026,23.2898000563367,20.570977142065825,18.65863942330665
2024-01-01 09:35:00,compute-01,compute,43.23280670704256,7.673555304962724,4.27633467570334,1.2432907257598442,25.708350832863243,0.9241844715109939,0.4971617294721635,70.34355923893449,6503.899399015447,2.2966402132303103,134217728,0.0,78.93418407974383,17349708.744890396,79.6757691582102,39.823226861285654,1403.6483255482347,142.12796943691205,347.6743558727503,547.1265193675142,6.447023730223949,0.7713711410716807,22.108581164787694,3670.3711124669185,4704.123957982769,3590.5108456343737,4278.116528313337,0.13630066257403012,0.1385181700935864,23.530368922995876,20.663800129019812,18.64445699369506
2024-01-01 09:40:00,compute-01,compute,42.85558542561678,7.847003799690206,4.173716680668541,1.187048531531246,26.635760677965006,0.9213377624429406,0.5010606394019858,70.15785186509227,6590.501205209712,2.380665446978727,134217728,0.0,78.48508143744431,17322711.566465985,73.46959531536613,38.50765905416477,1430.9245061503343,145.80515445062272,391.19626467339003,591.1140182946581,6.508237502187532,0.7629712002178561,22.32112980273796,3511.5904761394677,4974.304939072414,3561.220955109241,4390.642489318081,0.13139475644500503,0.12811767756243722,23.264340452958113,20.767005762253905,18.67209340959325
2024-01-01 09:45:00,compute-01,compute,43.998254347357,7.861644880084776,4.26894160332449,1.1852642808438578,25.808302648683952,0.9318291542647424,0.5018565671818728,70.34226752141876,6348.193777885102,2.3611959249966468,134217728,0.0,79.1153511362712,17391803.257360592,75.24100060416662,38.528596520424145,1440.3687018729747,142.12077789043383,335.6225413944672,557.2479378021488,6.574276979640678,0.7895544594271546,21.091984970500004,3498.8924817030484,5067.563743313742,3589.7333653400756,4210.236427107184,0.11962495087435498,0.13421979523236466,23.24614568435837,20.53648088099695,18.73370987709939
2024-01-01 09:50:00,compute-01,compute,43.81532768929061,7.7314728446208845,4.2571718275824635,1.2133574519255144,26.035829664790576,0.882163588348803,0.4953695695893084,69.53580405370198,6575.064797637315,2.4039825966226105,134217728,0.0,78.76468524040963,17570718.911560733,79.75028689000648,38.83598579850527,1447.045378879333,141.0302397722085,356.29161820940294,567.318351719801,6.535470185422615,0.7945057331995515,21.579261901038056,3948.9317377081993,5022.758611148152,3582.908303740975,4340.98877783894,0.13223882190916467,0.12707571650027188,23.13609728516719,20.718166253122725,18.800933698852607
2024-01-01 09:55:00,compute-01,compute,44.626378588087604,7.78179874532121,4.1480597541762245,1.18966127771815,25.792180300796417,0.909201517998259,0.4997686456330807,70.1352699420437,6528.086101779906,2.3113400782473317,134217728,0.0,78.93905694155465,17526182.73972687,76.32008030291937,39.9865591158356,1447.6995077431009,147.0926352236376,348.09891896774565,561.6438145282848,6.480220987248329,0.7912949708781674,22.49228455896418,3728.0874171311825,4823.427524769878,3573.7393403609703,4081.684613450808,0.12090813225774921,0.12250043100465126,23.34574295084965,21.024514926313213,18.703396268179166
2024-01-01 10:00:00,compute-01,compute,46.861691378017326,8.165460112083,4.306228189879954,1.2651234922864683,26.39959532284581,0.983427073161597,0.5308661712172947,69.97695542207983,6467.890245229812,2.376184379425472,134217728,0.0,82.83831019586324,17265109.011532173,78.76187847619421,41.96007123011777,1450.7102759173736,140.87922450773587,361.34094724832966,588.205509577055,6.480529740158063,0.7642729229489379,22.576133775112392,3538.526495869256,4867.030085907868,3627.540030219503,4221.592340133146,0.12774142566243507,0.12862998744153517,22.562508678770556,20.81123044775661,18.618842663641573
2024-01-01 10:05:00,compute-01,compute,46.954765473293655,8.271444804753475,4.403871168066044,1.2764594907432192,26.972433714421513,0.9435562839120525,0.5353551635378309,71.06018393068388,6628.570835779654,2.318315987269371,134217728,0.0,83.49123814177523,17299112.79062241,76.47527493550372,39.04386798804001,1429.5921444109765,149.49835412926925,383.8153655918782,593.2756626799,6.55126275919855,0.7551670579527359,22.721743643155595,3591.3464038970496,4766.990912815455,3631.9577133543767,4395.363663705144,0.12885618791118628,0.12995077951479705,22.763622823227106,20.691549155928634,18.759191801531937
2024-01-01 10:10:00,compute-01,compute,46.7167721680217,8.273708392001026,4.365343232565739,1.2487562563521688,27.00042104924498,0.9605516348042462,0.5303070862903423,69.44334882955548,6618.812177672315,2.3628808399941676,134217728,0.0,82.45349382924528,17679333.2651873,76.22186852805262,37.58242486914516,1377.0167213928805,143.77933071060895,354.1899068945937,624.2458092246706,6.575430009194334,0.8000459702863084,22.642426714296676,3613.5340434308246,4941.239058723493,3682.064760977057,4288.312842421904,0.13424914333003046,0.13907246729814146,23.223157709928568,20.972582075322407,18.77476057239905
2024-01-01 10:15:00,compute-01,compute,46.6366808023006,8.286617225418496,4.330191768623795,1.2459604453667537,28.024414750388104,0.929238070887136,0.5217273765935259,71.21840403905296,6561.76056617044,2.2896156932137206,134217728,0.0,82.72933245062165,17461365.87594186,75.21787738820187,39.33205606036061,1412.6131488495162,140.23923268934166,363.5395786634424,575.3054713123873,6.537036362156809,0.7977144871810044,21.589298938872624,3684.956095444674,4917.978999559153,3785.3294883087333,4340.768169950734,0.12532583481570386,0.13072288036432786,22.730337474243946,20.811084351446322,18.852229932932552
2024-01-01 10:20:00,compute-01,compute,46.68980166601844,8.091605887990648,4.457134427612399,1.280241586606847,27.1502401344163,0.9643929885604764,0.5210710918909381,67.83090438206334,6394.741703609321,2.2123043468886654,134217728,0.0,83.33860091242953,17794958.13955183,76.67883379734396,40.421295655429894,1385.5297028313666,142.5433437778539,379.2483338177352,575.7991139520908,6.562474260720718,0.7876223877074069,22.78138138923471,3833.130501889617,5094.114901534678,3681.5545959981355,4334.486992213487,0.13169552841782325,0.12897462880068503,22.995306381149135,20.630897395425652,18.609546053900758
2024-01-01 10:25:00,compute-01,compute,46.168693500991466,8.219222911010606,4.350910260086074,1.303451569673579,27.73669957936966,0.9747805330464688,0.5276496510190407,70.34663810566043,6483.611374888472,2.2843352210832943,134217728,0.0,83.55736423512778,17451788.362068273,80.5349326696503,38.068785286949,1436.879159501831,143.61772152961325,377.8861261244164,558.8412092865296,6.494335349490198,0.795253437639857,22.884719767781338,3699.64409198111,5234.826559696715,3618.0623080875307,4225.726888121266,0.13386027961548255,0.12516134417575453,23.01379432642377,20.7852109961466,18.523471332823092
2024-01-01 10:30:00,compute-01,compute,45.47292729917814,8.18646542053993,4.243298593321053,1.2623308209362745,27.199199129757087,0.9641524950116043,0.5243612803330016,69.15066166149519,6553.567502960254,2.3971797370305836,134217728,0.0,82.93082279940367,17546803.341279,78.00693395923173,39.3593567143113,1426.3574279358518,143.2919758955106,379.8879243967148,591.0681518980526,6.430364200429279,0.7967888076068043,23.029332420997555,3733.117770796587,5155.356710824594,3561.3081765746,4331.693081325973,0.1318105251819722,0.13284570289200245,22.939153976328882,20.96007297639287,18.861734790723713
2024-01-01 10:35:00,compute-01,compute,46.93508159503049,8.231474293788873,4.414415460473482,1.2692379694520468,27.15955393208378,0.9429229960886718,0.5185771928262264,71.54872639778272,6651.024294070593,2.33303750975578,134217728,0.0,82.91509019175575,17324029.939838666,74.97272355479787,40.030968706005105,1413.6568269448455,142.57301066632775,381.8161499032093,587.2230628328942,6.6521731903940955,0.7603881518873803,23.888923160222596,3675.9118352966616,5050.360553870723,3654.471026580872,4340.974651053325,0.13159160001560802,0.12618596760821096,22.61757429295286,21.09746451957493,18.78609713114417
2024-01-01 10:40:00,compute-01,compute,46.2443770102252,8.220263344572892,4.506010613718082,1.2928351280872836,27.748704352025516,0.9562670884081047,0.5221525401896635,70.3756289835034,6613.8464879583,2.3754042324401983,134217728,0.0,82.71837198051348,17497483.78738975,79.25851366272315,38.449901091958736,1447.416492939482,139.3874710933355,360.58248125595946,592.7403262081767,6.474395279662774,0.7711306585731917,23.132952918254468,3541.60139291211,5001.259209172133,3659.011933293777,4352.007589031912,0.12055725939750382,0.12047496129565019,23.245296259755293,20.70298294321005,18.57033940215769
2024-01-01 10:45:00,compute-01,compute,46.65467702681503,8.343228441888682,4.281163530967628,1.2355049589727827,26.731206747956538,0.931598182719369,0.5324686204520438,71.3534229605956,6544.7456242703765,2.3799197900528246,134217728,0.0,82.68370637647944,17424161.919671115,80.05920110527657,38.559197125537246,1429.7249674837776,145.26010318568694,366.51997620517113,542.8967099970356,6.547965427261586,0.7699068660640892,24.039089382009784,3521.052371165086,5127.001693124482,3516.7350920212075,4253.277321088054,0.1234568924750497,0.13332756813736837,22.641104634044595,20.730454015511807,18.55048032452516
2024-01-01 10:50:00,compute-01,compute,45.614670432317595,8.336396409700717,4.2238833004771426,1.2706118102068387,27.195119881451365,0.956551754892439,0.5225386880270975,70.27665199752232,6619.203504703164,2.2795133174914906,134217728,0.0,83.16968365019835,17516193.15601543,77.03835090580165,39.03631218751857,1389.5741237985862,141.29976337784348,381.9613640948821,606.9876275259633,6.4886965186639785,0.7777679653099746,23.387647515810432,3424.544720934006,4879.686758583203,3629.855527988466,4236.642262231827,0.13501883999024583,0.14130261186900073,23.122465020368434,20.71928293711994,18.649098566858658
2024-01-01 10:55:00,compute-01,compute,46.384052067839896,8.011931935480739,4.433801235246603,1.2696829911141754,27.12155594596262,0.9199837750925849,0.5235990422426015,68.83019557042506,6608.61061657922,2.329200480465498,134217728,0.0,82.56328919919649,17381982.806904554,78.88680784268513,38.6413134540556,1421.536085005699,145.3258717139245,387.7231080007718,536.4408265905649,6.3914733577899225,0.7659481404660258,22.813637338838543,3798.3755099877812,5217.689108870674,3567.4459599669417,4285.104577821287,0.1217171687102142,0.13233756238885735,22.615129566019597,20.86159432359437,18.637056626818495
2024-01-01 11:00:00,compute-01,compute,48.29236567671451,8.60965331510656,4.52698316797504,1.331445828936354,27.97889036118125,0.9828684688522812,0.5566219380676415,71.49415291898262,6506.472709938043,2.326475128321532,134217728,0.0,87.15191960529562,17442351.8128316,79.21727108106924,37.61464156851928,1423.0033696707462,146.0608290397055,397.90519873021486,620.2565949971016,6.5968430533779125,0.8026723095385196,24.054817747007416,4004.961491165111,5212.068582038419,3659.3207818885617,4298.258158229919,0.12941075228766794,0.1322841177337568,22.85462584298252,20.533993261188435,18.611692014060527
2024-01-01 11:05:00,compute-01,compute,49.85311901289742,8.553219085934302,4.695977562419714,1.3333439502361757,28.37300353354027,1.0014482828358298,0.5421172383970932,70.87856127047466,6543.691500321079,2.3602106694981138,134217728,0.0,87.12285134580733,17568436.57985153,77.40010914159559,38.62904474408952,1447.4581945734587,141.99190424285715,409.0735442561807,605.0520398648076,6.558020782150793,0.7745466448665981,23.447554379097237,3997.5432145765244,5620.8149484101505,3643.766723106291,4253.20661957436,0.1295345805736459,0.1303001670183207,23.07657656380261,20.943460914180196,18.723256529945516
2024-01-01 11:10:00,compute-01,compute,48.12264952589715,8.609529038109073,4.6696650514812355,1.3161103099239662,28.24505504738876,0.9614871321165829,0.5439890633886338,70.84598419473399,6626.849578853302,2.316445683670903,134217728,0.0,86.38810771696262,17280532.377520606,78.14044044571767,38.81303397282301,1431.3296570855935,141.18021719539718,399.2241497467706,603.4652924755386,6.58413586579572,0.7715995451895458,24.040616682184133,3731.391075488543,5613.678993924638,3434.4978658964533,4173.30047978661,0.13060606825484636,0.1335174939240132,22.934031605345886,20.923545054210834,18.90549892047927
2024-01-01 11:15:00,compute-01,compute,47.28137347029961,8.463615812472831,4.723480018380752,1.317218470319437,28.680577945487446,0.9764862906352899,0.546980846768514,69.60193782429894,6503.127028276768,2.321954398032226,134217728,0.0,87.35225359424459,17413066.685342357,77.97429719769484,39.64501290747332,1404.4102990036065,149.29479446401206,386.2959819740407,623.7215610680324,6.475450880592826,0.7992668624939105,25.111441383385035,3953.5329807619046,5302.955831167008,3636.7133594822094,4272.422092831311,0.12820466453533635,0.13025948464547912,22.563264389330485,20.62217582052002,18.696006658136078
2024-01-01 11:20:00,compute-01,compute,47.26717502550872,8.480124788028998,4.520693365056949,1.348582787453404,29.256747390966385,1.0174899727466193,0.555358032651984,69.54373280329123,6611.23334817436,2.3586409395601184,134217728,0.0,86.76474171057886,17267962.317661215,82.36936891539358,38.7326241690057,1412.7973989317952,147.48344588118724,381.95163072520126,624.7374288426058,6.451946442309322,0.7864209749841625,24.63851754074386,3897.4467010151816,5632.428560447292,3801.0806544628376,4271.587103270051,0.12694511813922676,0.13359453993258125,22.394174654258943,20.861967963865016,18.666377200961406
2024-01-01 11:25:00,compute-01,compute,48.50055085028348,8.686920274985376,4.592558901639215,1.3238895752494422,28.14901865579161,0.9684169676143606,0.5525544405514446,69.62901118769715,6498.76335667063,2.3901973924728055,134217728,0.0,86.92331325916925,17350717.489487093,79.88850382615215,39.93548028665501,1446.0908125297278,139.3239964978206,385.03295505408045,617.4509319901557,6.546296926793169,0.7835567135289767,24.447959446555718,4170.336730629733,5216.153375237809,3671.0771063474176,4223.694614928448,0.12753075067269234,0.13333290442014079,23.10890870811922,20.82343283890537,18.614229787108997
2024-01-01 11:30:00,compute-01,compute,48.52886925379638,8.698025767818834,4.468190948711393,1.3520520425954543,28.691608615704652,0.9774244209236325,0.5465551308863532,70.17910619799011,6498.958746095515,2.3941118830116426,134217728,0.0,86.57726800549807,17467532.986848027,76.93005427645089,39.47372811841251,1438.2416128790978,141.43271392923296,386.30126584762917,567.4922019367264,6.510020141742786,0.7884948772220923,23.44596012856397,3946.5536225063024,5680.955823521562,3580.4103203490135,4405.942432006115,0.13169543785456003,0.13903938065744603,22.908681075999255,20.718097976782456,18.724904406860677
2024-01-01 11:35:00,compute-01,compute,47.05325155120431,8.752957656266819,4.743968055372261,1.3030514231765575,28.996069480122337,0.9916965824158424,0.5468829791091577,70.3351291128668,6577.353742859351,2.3450469823035682,134217728,0.0,87.20061609809949,17561212.144149743,79.40803670081038,38.63697262801981,1402.7853591303128,141.77823779388206,373.1746847004889,636.6847587735866,6.409928188532526,0.7703752047488033,23.91355036355475,3756.1395663986095,5271.789820796578,3638.331305297356,4202.848475251676,0.1334669536018203,0.1240506620720219,22.84395896772221,20.67758348304133,18.583781270990283
2024-01-01 11:40:00,compute-01,compute,48.87871237577002,8.605640934219382,4.502993544205806,1.3267290133578769,29.042899877218545,1.0164595040319022,0.5450559223716949,69.45962471516944,6573.819716517853,2.266464909231783,134217728,0.0,86.82876290323806,17348852.012838185,76.43672526435041,40.44555586319667,1437.6532412868564,139.89323336036054,391.72358657616485,571.0994679427948,6.633777969211568,0.7978628213401888,24.047803558508882,4110.814146178269,5572.525956061456,3702.9876230024342,4178.524561599572,0.11808560973103498,0.13143329012069002,23.01554460801678,20.882727746125916,18.68877102393406
2024-01-01 11:45:00,compute-01,compute,48.572069537822394,8.53495836978781,4.646950959704216,1.305657701991676,29.189732666965263,0.9732827370437801,0.5540115619611158,71.68634410219337,6615.103816940078,2.1950359261860424,134217728,0.0,87.212319862712,17161349.592467543,82.69361311808662,40.11026364266188,1422.3918127561124,141.7099389034453,427.0160809761952,597.5850842373018,6.418583340737797,0.7650220122284619,24.414617282736454,3729.2231046129086,5456.128007653747,3675.4493032789396,4162.364301267273,0.12816045179421773,0.12706880290063485,23.076305730915283,20.936301877944796,18.572833846039266
2024-01-01 11:50:00,compute-01,compute,48.36992644199976,8.536198239971569,4.780626251752448,1.3143329558147996,28.144094056994625,0.9927941714748462,0.5546058796123737,71.16344651263327,6560.099488893355,2.2924787497767642,134217728,0.0,87.37734465765669,17466531.79938751,80.41181965584623,39.379082619664835,1413.6013608791518,143.2846153539646,385.5689905199639,637.5722272472852,6.423081702978534,0.7690900385162783,24.078257029765712,3929.2203777675827,5131.56436619546,3720.4862478214427,4327.3258476106885,0.12800294182322458,0.13003323221692692,22.62414452561925,20.971245142846048,18.805322758878976
2024-01-01 11:55:00,compute-01,compute,48.489770225839564,8.627427911874811,4.6790511957202074,1.310802605822344,28.037702614870664,0.9897319490351798,0.5569643690343957,70.87707522192184,6536.698940025228,2.3000629577973832,134217728,0.0,87.33443744611193,17733612.543006882,75.07070991802053,38.24324263720659,1445.0519362908053,140.9192137850362,398.42127294675674,598.7069303825298,6.537831273968731,0.7892534049461352,24.422278487504347,3751.4719919971094,5296.220024503178,3764.441144822736,4274.559722800227,0.1315451604604269,0.1256912707844514,23.235144946059346,21.046353102836772,18.657967732686103
2024-01-01 12:00:00,compute-01,compute,50.841468811711025,8.889446514266824,4.959413655462008,1.3781588473327329,29.570779427557152,1.0146905938441217,0.5800542736162126,71.4629156799401,6509.512936286221,2.3661700485071937,134217728,0.0,89.66693995744656,17465482.581657633,79.02251538105921,40.472950744351714,1444.3992628941426,144.03031731964157,408.2365933129658,694.6535345518256,6.537888779805928,0.8165525613578206,25.22366360816949,4345.940237960852,5545.993209505226,3704.326921291069,4228.496504688817,0.13239508533804636,0.12116586942010363,23.044526484972792,21.258476899754594,18.82777075496725
2024-01-01 12:05:00,compute-01,compute,50.358709437506675,8.965205931064657,4.716726008320276,1.362542892950999,29.216024809703764,1.0450395870597957,0.5722081371643348,69.77829374728782,6437.7398614812,2.347636191199508,134217728,0.0,90.94137313726583,17554136.236576274,78.1937808288777,38.366394700797656,1458.1391307537833,143.27578344584245,426.6787508011004,707.4083861005395,6.581841618027733,0.7708401840794611,25.534361346395006,4298.4399957999885,5788.887283585891,3534.491462720741,4091.6247619893393,0.12772484755073762,0.12957017234866364,23.048296776444104,20.77916258335491,18.7153061709725
2024-01-01 12:10:00,compute-01,compute,49.792625630530196,8.854692812069532,4.673627312325691,1.4003575054862007,30.017910850341384,1.0462051002669783,0.5611136601311932,68.67615065373364,6510.480079361853,2.315720929897535,134217728,0.0,90.51205641270715,17408881.95621815,78.92163125802337,38.95544399979785,1426.961967744219,144.6712529166854,416.26701148564905,667.796519451408,6.289443836805165,0.801646310494781,25.464082989693612,4316.29834254765,5796.86288734715,3576.346595285324,4342.8174921846075,0.13784382129809145,0.13037695802228663,22.40042977734386,20.72837801664916,18.709142394864518
2024-01-01 12:15:00,compute-01,compute,50.47605024053499,8.921073808879493,4.9976492157330465,1.3909524419725987,29.310214746500918,1.055469829776813,0.5729690342583084,70.16827763089084,6564.0316982086,2.281287670903801,134217728,0.0,90.61351053418007,17691147.976590384,80.06081971980957,39.56255278846834,1428.9171065933322,145.63478169583914,470.2807233857176,661.0703133237913,6.645233648483509,0.7849347121002481,25.16163604724409,4359.155571544774,5500.619909381865,3712.395613533079,4169.202395464291,0.1328328570150819,0.12605049727665307,22.77326929091006,20.672640898683063,18.8012857391462
2024-01-01 12:20:00,compute-01,compute,50.210252449176295,8.847104511976134,4.884587777448971,1.3747067084070315,29.654559404708888,0.9978280157797181,0.5689807370462534,71.3746101951769,6417.759486983224,2.2439938660481777,134217728,0.0,89.990363619119,17634897.9969312,80.27881426683211,39.34537352771618,1460.978270047278,144.5110037107086,446.3713365388484,631.9681193201121,6.560514854414618,0.7829772212931847,25.84979433477291,4357.865734545219,5942.008524390022,3637.5991110180294,4285.100390642598,0.1314743531939498,0.12659758082725023,23.04169888324605,20.88491528151861,18.658518405598418
2024-01-01 12:25:00,compute-01,compute,50.60867713189534,8.810122316728558,4.883831258373158,1.3672708218447767,29.903266965638352,1.003441893004518,0.5701104526975215,70.22212421306831,6489.182386345515,2.3489058328963006,134217728,0.0,89.71239175958522,17512236.13236152,81.78980854187252,37.91139195261672,1423.4709882773423,139.06774748664836,416.38502495560476,687.5319829967524,6.600566809697801,0.7767852681776005,25.03878064455693,4381.823177996681,5942.618965027551,3674.75327329232,4144.372090310204,0.12009177489123672,0.1268695656297999,23.147208342822115,20.69247509063152,18.643649541460587
2024-01-01 12:30:00,compute-01,compute,49.73905164502102,8.914349432046079,4.8280835993117055,1.3815495486525482,29.759681127941825,1.020735509126417,0.5595333619820865,68.43136724315276,6486.853145545064,2.304602595274526,134217728,0.0,90.39208421585263,17422940.54748245,76.38757079591144,37.5870914567573,1439.1313912599815,141.11551131988327,411.01308954470403,654.5934541698277,6.6279995473428475,0.7701282181103198,25.207148971637878,4129.8806225559,5770.097357573891,3711.162596559301,4258.437665543422,0.13391187203473245,0.12388134398287244,22.693352117333816,20.747342709012692,18.77568258428148
2024-01-01 12:35:00,compute-01,compute,50.19216511667842,8.840586046008674,4.812320959932962,1.3456974047055852,28.698801074675078,1.0247111967768565,0.5668861472350818,70.08276488830627,6628.2591559066395,2.3533215335654734,134217728,0.0,90.23780013757778,17330964.34129286,78.07993601692807,39.05491155903158,1434.7360526457678,140.94006228113054,411.0964367088453,710.3066728576799,6.483813460954012,0.788877127345738,25.068585991469607,4401.527880619671,5796.311917531673,3667.474996169986,4411.775532640902,0.13361714731468524,0.1278818208927998,23.196964411340176,20.894291008634205,18.64330112659587
2024-01-01 12:40:00,compute-01,compute,49.95250433434969,8.967176967919842,4.831249492766874,1.3605880032496898,29.689776942175314,1.0286828302771345,0.5750766066313063,71.26763826792109,6552.69274556715,2.351975920198795,134217728,0.0,89.13033553756654,17426289.250558343,78.2750999476173,38.686197278285775,1439.270292653805,144.71778645350184,452.33078634661894,675.8589900094731,6.463589324883911,0.8021529838606555,24.728471584028945,4216.366263107984,6000.345951237931,3724.051406429105,4187.277957160695,0.1243392040414988,0.13155071882888572,23.071821666285448,20.833167420917942,18.83651778554229
2024-01-01 12:45:00,compute-01,compute,51.02928376854975,8.873741882364364,4.891126481444326,1.3575955102064698,29.594881594605283,1.034529737435191,0.5783726089182619,69.81295896858389,6459.445841597917,2.302446452603371,134217728,0.0,90.78809772619748,17390891.129828464,78.70440277015157,39.81001011073414,1413.0892863024346,146.31659692036652,413.9032327973156,664.3515246008284,6.537266553873256,0.7571605554651418,25.48381320607556,4240.853299161652,6089.409408930516,3675.263383620913,4327.13665598404,0.13682664427949323,0.127982266154786,22.438013670621082,20.678019401062226,18.780793438206487
2024-01-01 12:50:00,compute-01,compute,50.16341190044406,8.886386810724447,4.8187317652843555,1.346003109145978,29.621856624826986,1.036740443530209,0.5812221827658236,70.11937975448154,6542.5917614417995,2.3841591591045597,134217728,0.0,89.75322501356294,17345981.547081426,77.54755635935585,40.31969538725608,1422.2625715571878,145.0840539224605,412.6016649717935,663.7608647911751,6.472409088799696,0.7645000378063462,24.850750252661754,4362.781372935231,6017.497993709239,3844.3027184154485,4330.207399181955,0.131175278698444,0.128663381562516,22.93836318541568,20.709481001801816,18.587963925895128
2024-01-01 12:55:00,compute-01,compute,48.848458716376456,8.901235449918005,4.776334210641517,1.337196200100994,29.930168728481178,1.012338050858041,0.5659770189594014,69.25862821542917,6608.246925954643,2.3051029065570545,134217728,0.0,90.23264115417544,17318355.321230125,79.54346446012313,38.5233240923167,1412.633813994998,143.50269585317395,437.11190159806046,651.8540300172648,6.701366490871688,0.7794561796229041,24.734920261504513,4157.926972227304,5726.774017769734,3623.4175736225884,4254.4812774411175,0.13128048463273162,0.13161415662311787,23.237737679196616,20.827302627966933,18.857819689806895
2024-01-01 13:00:00,compute-01,compute,51.65065924375838,9.025442685179852,4.698358727655652,1.420248660314984,30.124754499093893,1.0495122526679768,0.58464512481388,70.43606302907395,6541.882493581524,2.3702323948390047,134217728,0.0,92.90956320028836,17353012.77937816,77.35188815902481,38.51058036646904,1448.960557977294,145.58199971606334,459.4584616084784,692.3410883751994,6.418983256353691,0.8033126858001831,25.287508384284486,4753.271846689027,6211.712130504802,3665.759896514637,4270.503785425264,0.13435591022608961,0.1288003796910378,22.77827408273528,20.63109239481523,18.60290769014989
2024-01-01 13:05:00,compute-01,compute,52.36098707678652,9.173230211414012,4.832863932845054,1.380831547319,29.928313286620337,1.0388286120337882,0.587013121743258,68.93638122183262,6607.186183327151,2.3683485456707567,134217728,0.0,92.2252908511498,17403873.120880663,80.73689111932974,38.03468979135299,1436.8310032513127,139.67412067012728,463.252174547659,712.0820650308272,6.268991434137683,0.791797853925594,25.69789603274349,4737.326154547289,6169.397447577618,3581.05083651157,4216.106118004816,0.13454725478229262,0.12766653899669952,22.780775344608553,20.97649240468049,18.878443983263097
2024-01-01 13:10:00,compute-01,compute,51.53081926497296,9.065018560189484,4.924976291770155,1.4477386368225313,31.23823621255172,1.0516040414685301,0.5949374022152293,69.18568448093451,6470.5782694679465,2.3339248183151224,134217728,0.0,92.94415577024155,17597093.447223593,76.0492823116794,38.94564314961893,1421.487509525083,143.51460587806076,452.96193670837334,710.3401360130995,6.495737808419049,0.7751023730312965,25.452293511163607,4843.166383075833,6289.258866463447,3627.1908476713425,4243.6462900040615,0.13554380494689694,0.12366223091895899,22.92566178435421,20.83965181690829,18.933438299295386
2024-01-01 13:15:00,compute-01,compute,51.34202122280341,9.192509532827815,4.917923152350615,1.3916254226647014,30.014534432685764,1.0617236181133938,0.5911105760396121,70.00043943863643,6489.0049678908945,2.307505326040488,134217728,0.0,92.62331059232167,17201843.511622407,80.06994370459978,39.44381662833921,1427.386689551255,138.93540597337093,461.68678505368825,690.0582833737683,6.448043243541621,0.7586782004478336,25.57812162587338,4770.671971157996,6461.370128399962,3755.573153168367,4204.246932047634,0.1318796640956716,0.13599735887070283,23.1435645682846,20.86085977778716,18.748372006572414
2024-01-01 13:20:00,compute-01,compute,52.65530232555499,9.280314225397579,4.74369715349008,1.4213639992061444,30.400028435817298,1.0368093507410903,0.5765039250963774,71.04487198686552,6583.571967342338,2.2718079663029127,134217728,0.0,93.82379938329272,17518307.685060915,80.5291040801744,36.958983790785396,1439.5745344508668,135.23999823377187,451.4723784218988,739.1599993058836,6.3308917193267,0.7826488871684519,25.83400297102752,4717.341099167327,6401.585276265712,3696.2534222759773,4364.864389558691,0.13342353188929634,0.13185703459671488,22.584497441675687,20.80071291809269,18.939608893574505
2024-01-01 13:25:00,compute-01,compute,50.61165683690043,9.280814400319697,4.939427717391318,1.4175790633415017,31.744777659463715,1.0534145309779155,0.5828176820706862,70.89861187425572,6512.683042378101,2.2906495009230294,134217728,0.0,92.75774043130396,17622426.702482905,81.64462417062667,40.35848855252987,1406.4339252110888,136.311058583252,476.2731914145661,712.7882668945401,6.641986641357206,0.7855034201802489,25.266156046203633,4479.730143781149,6532.865388665097,3778.0729736827543,4368.177227604398,0.12791234676206997,0.1288077784022003,22.989420736019085,20.752990734925056,18.652811167983177
2024-01-01 13:30:00,compute-01,compute,52.82501974928459,9.338494433617278,5.062097087320506,1.392192463183172,29.976118382031515,1.0692230735182884,0.5785953887949257,71.23902042246978,6571.517228159404,2.2694450555769445,134217728,0.0,92.8930303226436,17409336.634584166,75.79248772438396,38.969159444479594,1431.565678236351,137.7004355070634,489.1653164606621,700.7062961687822,6.624053005194225,0.8117407757622629,26.151054435788385,4581.871244164435,6319.3242808112645,3667.793900085708,4278.859413495846,0.13274778264575163,0.1266551206216166,22.93802422047237,20.860658731999678,18.46976135447759
2024-01-01 13:35:00,compute-01,compute,52.49664316781186,9.275429014365244,5.005859812594589,1.4240755162686516,30.9155670474072,1.0537809565680667,0.5908748172814156,73.60981682081926,6620.0128074872455,2.2961654863370637,134217728,0.0,92.7472578948312,17410939.3453259,77.71815385952993,40.29229596039275,1462.1940843239656,145.67628930941208,474.5250309848859,720.4814176898074,6.595460676702871,0.7825865273115367,25.56818335313837,4554.206275086404,6484.158861708125,3590.509275667476,4267.452727921085,0.1356626888018438,0.12366143523458056,23.614999424423065,20.518582887972894,18.5354188017949
2024-01-01 13:40:00,compute-01,compute,52.08874535543391,9.083890548347135,4.891006382947418,1.4230322374402373,29.88884257043635,1.06151423035465,0.582339790407689,69.83102657685346,6619.210557080585,2.3637141071157455,134217728,0.0,93.24094936976714,17415023.785042763,77.12470715387876,38.44070891363826,1444.7600848138675,143.67683198497468,467.4264576871374,730.2090468575054,6.474286459301596,0.7737683869155358,25.74808227126772,4883.574732496448,6247.662548492996,3587.107120845424,4350.833399130098,0.12844187004570726,0.12955886121226015,22.98217022080088,20.7442763255064,18.713747283665057
2024-01-01 13:45:00,compute-01,compute,52.29357548221344,9.127964727710888,4.806344429418588,1.4201801974917128,29.851619136780542,1.063665888390596,0.5960669596249405,69.55182115907135,6479.166852652796,2.2486420264394744,134217728,0.0,93.11677992085392,17306954.412405666,79.53304803270477,39.44551065433571,1443.2108573147625,139.22919328497423,442.2656410729151,732.584495759116,6.433554263270136,0.7524741632097632,25.92524011425185,4497.637019487347,6079.301865895751,3600.868450810963,4462.31233961383,0.12668126829192206,0.12727926276291582,22.678703351324824,20.83101461618128,18.701636671378743
2024-01-01 13:50:00,compute-01,compute,52.637942834661246,9.26204879998251,5.034538880651819,1.4240352535946885,29.71744456590873,1.0810202648038674,0.5802498390455146,72.44134430798668,6550.452274480128,2.275032945605133,134217728,0.0,91.67466450987693,17419801.31384494,78.0088720904017,39.51353894259179,1463.436533622954,137.44356167088583,471.03993439881555,733.436118296561,6.42158174024614,0.7726446481521325,24.989275328664988,4581.233984558032,6369.277494890558,3626.2100973809725,4319.440157685866,0.12224505015965331,0.13658699377675088,23.49729355047824,20.524593586725068,18.858933998131885
2024-01-01 13:55:00,compute-01,compute,51.60994673790423,9.119057637361683,4.890016688692555,1.396229448602927,30.203225002140503,1.0713158358712902,0.5805039252429817,70.58391098983475,6514.393957075603,2.3666041809855036,134217728,0.0,93.07509289119685,17657893.723800477,76.48421696275734,38.19435405238072,1423.674804347481,142.73781714026444,463.6637322728987,696.9459337429887,6.594423176338488,0.7941589061727213,25.843846454144874,4751.939509337118,6200.335488008,3688.074641709901,4328.251894645608,0.12783883317938946,0.1292201790753548,23.426546567852125,20.708593024825152,18.835592528396166
2024-01-01 14:00:00,compute-01,compute,53.01347313860765,9.327402493427483,5.015747605461046,1.4385448632299618,29.980278931775665,1.0759131285397658,0.5972733961371138,71.36936321659627,6493.30823941347,2.313490935562216,134217728,0.0,94.73035471217896,17006609.873715773,78.00298966892606,40.74625922134521,1446.8971758629643,142.5293595814123,511.2200604705203,745.8942607554374,6.478879141073472,0.7803822909327593,25.65845930793786,4944.858571474115,6857.696290279338,3644.7320449785907,4359.786646472413,0.13120737661722215,0.12327095352543609,22.670212803904164,20.78059362103209,18.56235767228601
2024-01-01 14:05:00,compute-01,compute,52.90675666098869,9.257591360655303,4.974251468528673,1.4122750866913951,31.09371559137287,1.0581041397362494,0.5944539991448136,71.38213375135696,6600.84650142518,2.3143498547197217,134217728,0.0,93.95160110214773,17353656.296932645,77.66434591504898,39.29060395079112,1470.0413008048063,145.78400519925435,513.8762652883194,784.4651523118976,6.50898395716451,0.7737642063802385,26.705767456153662,5107.847367601452,6984.4121936950105,3668.039291817992,4263.1406869148495,0.1252633181834547,0.13146734483965608,22.57966899049618,20.859212618826263,18.71992100181009
2024-01-01 14:10:00,compute-01,compute,52.95456053363129,9.234367438600943,4.967321558374873,1.4134262226007086,30.660723616562997,1.0788462689946687,0.6011742638457124,68.86322447012681,6399.541984318684,2.35248296828426,134217728,0.0,94.02323023920079,17424393.208112083,77.90285818058881,38.10422429774897,1441.0122196406492,145.20623687738413,475.2903042973594,765.2159534996042,6.492786391004166,0.7851949672560213,26.257568757590175,4812.68105411769,6549.2731097839,3666.3098933698016,4341.229545902814,0.13932972848951697,0.12849308834019954,23.042827288900547,20.926188958316196,18.737423672760503
2024-01-01 14:15:00,compute-01,compute,52.94492360020807,9.207057951544558,4.9570644312041585,1.4138205344284394,30.860659035919767,1.0294219046929294,0.5944306959924339,72.0960968453872,6370.6295978670905,2.2754464620199433,134217728,0.0,94.96614818520305,17527688.89109411,79.00971581284347,40.35345941888388,1469.3048208981206,145.07456642958945,514.7455736415958,776.2748907366966,6.510490192711128,0.7617818011862307,26.34381376311701,4808.417093036883,6668.145792067584,3758.308577984034,4222.655801286711,0.12652392305885873,0.1341393759625077,23.074199723267785,20.836410397721448,18.868857424794598
2024-01-01 14:20:00,compute-01,compute,51.141963173319546,9.286618830212552,5.062488776822664,1.4063828934438427,31.664751186888587,1.0887864847017399,0.5865202896129278,69.75175211426573,6526.3625056393075,2.3212180683906696,134217728,0.0,93.92054629063901,17503093.30517888,79.44264274922152,39.65259566774999,1436.6525536736567,143.95124718328103,524.8430568924285,775.5948129320263,6.586482700765005,0.779627911901944,26.091919047839255,4779.952460251368,7100.960374149987,3568.2305536854888,4548.369618503129,0.12733263659928287,0.13162073488752027,22.832470731254897,20.547568125117845,18.713191012990716
2024-01-01 14:25:00,compute-01,compute,50.68142439004542,9.326971128214748,5.050371089780519,1.4258980347406014,32.18633484926658,1.0834157474047577,0.6015496482722799,70.44042580618047,6603.508634282307,2.3171423063751306,134217728,0.0,94.04935378287418,17452971.02908946,76.02701723616285,38.85278049745482,1442.7167123051588,141.9741499963154,493.27473324003586,776.0587814895528,6.410025133360642,0.7689745185362967,26.009168376263148,4719.240450958408,6991.12977075511,3662.715065754372,4115.824692641439,0.12864995590308145,0.13267239617969523,22.768896593713606,20.7416113580057,18.72532065534424
2024-01-01 14:30:00,compute-01,compute,51.817897118566414,9.288503647549762,4.790758814968818,1.4242003736971556,30.984552142279362,1.0909011934723132,0.5918187428597061,72.01066642792628,6580.112242599896,2.318908117832664,134217728,0.0,94.51130648144859,17503363.46982156,79.58872280497663,39.52768241716936,1449.6199143293284,143.5423237497951,512.7780870606899,758.9650247704309,6.47900431923908,0.7583693910305037,25.904492629657867,5062.01828806781,6759.312286646961,3703.8431424509204,4252.947276360821,0.13595814937292836,0.1283777806851874,22.77181559659082,20.627665667527975,18.692578290194678
2024-01-01 14:35:00,compute-01,compute,53.20769523065462,9.326516476570491,5.08360169034217,1.4285591671445188,31.133873664246693,1.104195669298215,0.601215817932648,69.85562545051006,6446.582640446823,2.284165230348328,134217728,0.0,93.66826996459828,17335909.056463443,77.5025709163517,40.78913529599668,1427.9153329393112,141.80254452870844,475.6865784264672,775.0032384292775,6.585109924491991,0.7775652848955519,26.113948171346355,5076.509067626256,6553.7888172633675,3587.37503129546,4400.6732011880995,0.13177865344405273,0.13864885523703535,23.60777439197969,20.60592613082481,18.88194874744523
2024-01-01 14:40:00,compute-01,compute,51.03831232764206,9.306822386895224,4.980562412125199,1.416879737062864,31.797995326250973,1.0683723739690398,0.6031136302415333,70.70660352237384,6498.368198107499,2.428955310549797,134217728,0.0,93.78271870666433,17584345.024287377,79.48122239737532,38.77968056951876,1424.4661790954337,145.63707931490026,507.4775273218891,766.2448959559533,6.499499495462149,0.7943178140303071,26.891302266272188,5246.401486533803,6934.687678267561,3791.855450961882,4299.061092848898,0.13059484966255,0.1278339665720813,22.653960344812457,20.82032702431139,18.745159713972026
2024-01-01 14:45:00,compute-01,compute,52.07538401108167,9.371147387393247,5.179611536305158,1.4713158748241075,31.059358354487358,1.0879426963560521,0.5908612083649996,70.35716372250666,6499.028900338514,2.3700339259868097,134217728,0.0,94.60248159137285,17355715.011090025,77.24105990148578,38.638472900922416,1454.8916656926417,143.80109106915526,469.66388939887645,745.5705676534525,6.580607210409435,0.7613371310563793,26.640119457152558,4762.771062334835,6653.279024611752,3658.944244157295,4396.107585429764,0.13001882730323308,0.1322733590421492,23.36018076265003,20.681945802496728,18.67830508142027
2024-01-01 14:50:00,compute-01,compute,53.16033705202693,9.29987997010523,5.005559103126067,1.41630394859861,30.700556226286434,1.0887273211836872,0.59404744100292,67.57531918701508,6629.912471102684,2.3085693220568064,134217728,0.0,94.00031998543398,17511721.156036474,76.83960320921396,38.9699540307715,1437.4341000968234,143.22333944323378,498.5006956452689,736.8822901001322,6.437927422538205,0.7791821911345321,26.98027782919233,4903.048943692857,6730.594997982158,3629.959271574253,4307.785746784176,0.12307586131324282,0.12957143256159134,22.659169437067334,20.723154546465583,18.692153003280243
2024-01-01 14:55:00,compute-01,compute,52.67916956539593,9.249692696833657,4.962828944088979,1.417225811733146,30.917538468009123,1.0778920127551301,0.6034340911748208,70.9576708598995,6500.366414422743,2.340531267652444,134217728,0.0,93.64786260849436,17492773.682790373,80.18143642674343,38.94067065689004,1396.3618819585038,140.36939109465465,486.8395804192517,741.0547465391859,6.45877739073981,0.766712607024323,26.52086209575602,5004.132731280411,6580.923382429682,3627.769666895195,4268.154070043046,0.1383414432439366,0.12337087401865314,22.901350956073816,20.62348141383527,18.631284585082867
2024-01-01 15:00:00,compute-01,compute,52.20237961978722,9.451739801489829,4.981720599602534,1.439048017060482,31.064492181517995,1.0872572753724614,0.6020784698099421,71.45288263344801,6589.739605683496,2.3291805623294715,134217728,0.0,94.82239179362298,17426357.2019353,77.24067069826111,38.955883953045046,1422.462539853442,143.39755766222842,545.1588898728647,853.3168249791578,6.461173417008433,0.7799738766628727,25.95848369728299,5301.2103531770645,7259.139992583929,3646.9271792898426,4384.493104504793,0.1333669353118831,0.13208686737117692,22.802666625139175,20.97837221506496,18.669614455003256
2024-01-01 15:05:00,compute-01,compute,53.29010046399894,9.337963334010032,5.091788152579848,1.394195452645312,30.9011863264036,1.0682023737233095,0.5984509602858376,70.27819732134893,6586.987797011836,2.33588377659888,134217728,0.0,94.7289475122246,17436822.86997991,79.88704793143032,38.727495770202324,1431.5977277528857,142.82345406873094,526.8714385654563,840.4255074696073,6.556123497027119,0.7807353520534044,26.395365393009914,5372.312799704727,7501.724221304415,3568.865894048654,4509.970339274309,0.12628103985322764,0.14130265550830512,23.020523514361575,20.925086079514223,18.636371977651255
2024-01-01 15:10:00,compute-01,compute,51.72844550352956,9.310189768601326,5.1146937347267345,1.471253549595799,32.27205619425261,1.0874952221093188,0.5903944214731366,70.19004042670349,6508.300312353499,2.3097880988893027,134217728,0.0,94.8816528468588,17527486.861061465,78.56932244315905,38.66886541583701,1435.1872534200295,139.98678498955528,535.6185341860801,849.3613180130791,6.352171630421453,0.8087664854197109,27.3892668595619,5379.275953572479,7455.743222916705,3565.7440620941165,4158.994417873066,0.1279899292448381,0.13934233337080404,23.01000035896272,20.793322521537267,18.85614243001883
2024-01-01 15:15:00,compute-01,compute,54.0135933363077,9.300875597313103,5.081077821443447,1.3832896864766846,30.235566791620307,1.0895019064617193,0.591103327080636,68.16538053476096,6418.276775302609,2.3653847175824927,134217728,0.0,94.70852002827526,17346144.75823624,78.13133819399857,40.22322080339929,1448.3034244656008,142.69331837845058,535.6990197528,805.5646806786325,6.599640981276597,0.7651744760408584,26.15583521825632,5436.489669851505,7417.350682201139,3715.9673515637187,4210.698192822895,0.1280820800489485,0.13625857769291466,23.0911654636166,20.680747752330717,18.728627632267745
2024-01-01 15:20:00,compute-01,compute,52.90573067822762,9.350819544165738,4.969631725530215,1.4471648602555902,31.166392297963785,1.0877284114522092,0.5969407376834549,73.11623241909727,6571.735178887505,2.279035459018708,134217728,0.0,94.68182490963524,17178661.034756374,75.78553943177789,36.90101025021548,1399.144918766829,142.6657624986442,562.9362298108351,819.5935094017011,6.537920919961299,0.800636823161069,26.62399653934719,5327.229328476554,7287.595328804964,3761.044870774651,4244.379843502125,0.13579645766561427,0.1399145399422585,23.062898986772808,20.538436867619957,18.655169456368284
2024-01-01 15:25:00,compute-01,compute,51.83097311618947,9.356061999491153,4.914401337194937,1.4228425138096994,31.613198702215186,1.065464121624174,0.6007777764359513,69.8207971910862,6540.202558490871,2.3162978673846237,134217728,0.0,94.78288119406105,17283264.70279836,78.04874921644026,38.50687439175123,1467.2924591032606,140.24837432716566,518.9800436622302,882.0668020986797,6.5800431896460525,0.7643395401052477,26.658838462330493,5410.974376640023,7226.15117571737,3536.976650395632,4150.648127896803,0.12915708789692631,0.1334225263377954,23.19223970751403,20.916625481003244,18.754756716667803
2024-01-01 15:30:00,compute-01,compute,52.20422716127575,9.288512547336639,5.18326999759832,1.4300293321411854,31.32217525673173,1.0711618681061235,0.5920933000357804,70.45036862526172,6489.0186903003605,2.364457258239002,134217728,0.0,95.04022736433053,17733708.37464481,79.13272389706546,38.91857091344981,1394.3430276650015,141.93683780017318,535.1270516391526,810.3704264753952,6.418402303118206,0.7654875165369963,26.474145093116235,5606.209819912945,7361.678083074939,3611.7417140220746,4232.504865852699,0.1300981424575005,0.1368836632631626,23.044210273814823,21.03068939148678,18.77702824592891
2024-01-01 15:35:00,compute-01,compute,52.257022444682946,9.339920506676464,4.974583584575917,1.4266184585319754,30.577136477144823,1.0720281791693584,0.6009468588874644,71.50225058791436,6533.568733293875,2.346412640912697,134217728,0.0,94.96064837159747,17554954.206816833,78.57284069960563,39.57735505877466,1447.180433327287,140.64364610371882,527.570861516101,836.9078891651637,6.512346925325274,0.8093211782137748,26.195413937414603,5564.2739371412,7228.4300902884415,3589.8590519885925,4271.182876860957,0.1340113614672958,0.13776208812993945,23.262169736013348,20.691788138576356,18.76449566146515
2024-01-01 15:40:00,compute-01,compute,52.447273552357665,9.444361545467821,4.94528421295872,1.425532178100853,31.370162597530236,1.0784478533942101,0.6017075490057409,69.43859805123336,6455.451923630226,2.3729602954502966,134217728,0.0,94.73771781639039,17516671.14456682,75.08141003851887,39.43740149428845,1446.373002893018,141.30375041381703,542.1771158103938,841.0441801715856,6.451983600019775,0.7957789081635329,26.17733524384916,5555.661797561609,7344.878361259265,3644.9610051065247,4293.28360172643,0.13600971260640912,0.13383476994155646,22.83550238842119,20.97618414995207,18.695485109848065
2024-01-01 15:45:00,compute-01,compute,53.14485586347193,9.315058668945456,5.011792362528883,1.4110564781766957,31.194493369919865,1.0582367586235586,0.6097862881225967,69.06851137122719,6516.456004430474,2.381136054005888,134217728,0.0,95.12268519465222,17622153.34603842,76.45517221915578,39.289882944223066,1433.7369320380672,140.58610714217082,512.5704195712653,871.4583099866098,6.468219223647673,0.7951379687954233,26.033006896746247,5153.116941314174,7466.86440862852,3624.0073133154397,4177.305377806165,0.1321204206881069,0.12945011841778958,23.216979419846265,21.00808707792904,18.722885890714767
2024-01-01 15:50:00,compute-01,compute,53.2606128474484,9.388524887044685,4.988600614444414,1.4672223496844836,29.996746949722507,1.0816102952961064,0.5941007919074116,69.65531418968612,6504.531248916681,2.357944390312608,134217728,0.0,95.27465503233665,17499278.600677136,76.73161264722289,37.807682388287276,1436.9417811284275,142.17871245878484,524.9063022756292,878.2109608490015,6.38460867089572,0.7637310540944363,26.300346264638392,5425.028280030211,7369.96923313511,3775.55951928789,4347.800716589627,0.1315909636996468,0.12711732654910707,22.74053928449332,20.61840594194274,18.865225294211132
2024-01-01 15:55:00,compute-01,compute,52.06510232514181,9.439464345843579,4.947855747276534,1.465047136167709,31.069924345691646,1.0502459690360384,0.6019540689869594,70.52812853993298,6622.409726961392,2.4046895004836397,134217728,0.0,94.79693024577448,17304959.81096676,75.97233864747513,39.12024794969296,1456.8661409496028,141.087360688344,534.3524041084728,787.5685804763676,6.610375365351128,0.7845081584169069,26.61039611233891,5741.965617236036,7209.701927173987,3642.923992655938,4361.536909915741,0.11898904459060781,0.12969085618471352,23.004239137276528,20.710900778461916,18.6810011513759
2024-01-01 16:00:00,compute-01,compute,52.66662249676297,9.392475950552996,5.038391078511725,1.4385238557239557,30.7714729288618,1.0868803898464134,0.5967796437503765,69.60963203335062,6442.4192630875705,2.3212711751080137,134217728,0.0,94.05872789185995,17737927.705517404,80.50230412500144,39.2291404376665,1435.607099595111,139.57352256095967,572.2747308315502,905.1657018948707,6.577885727553407,0.781162682762028,25.716587904624618,5488.056699005828,7731.465223302947,3660.025353430286,4231.024171425463,0.1279188734528593,0.1258081182406264,22.67099264798073,20.897209328560905,18.767697799957798
2024-01-01 16:05:00,compute-01,compute,53.43431654574345,9.419112773322983,5.055402497697137,1.4129806655963273,30.47344781818921,1.0780688583815041,0.5994883479479762,69.83247668926927,6542.3528988944245,2.356571474103068,134217728,0.0,93.85618223572202,17597869.277016412,77.5184038571128,40.94547459064345,1386.085649017215,143.4602228664354,554.8996766922335,856.7961397509589,6.559917526522341,0.7751585448025401,26.689060420519287,5719.599445605259,8221.322240066746,3659.8634316366106,4420.383579453715,0.12606144472425057,0.13024740864727752,22.740806261757776,20.704670418966348,18.564750009797066
2024-01-01 16:10:00,compute-01,compute,52.11339893075201,9.186705606478057,4.796535478025279,1.4672856918892576,31.08243658536305,1.086705458617238,0.5940809875943422,70.23170631303903,6619.858670765304,2.297081377726258,134217728,0.0,94.78908719899601,17375961.280955393,77.57382105543033,38.47719234121694,1462.539555923215,148.064158975526,577.8332961560936,903.541199257317,6.3621786794852095,0.7992031773726593,26.259267278421454,5731.312583291301,7786.794321271146,3674.5935481924594,4305.772600259402,0.12745724273312495,0.13077805362810335,22.776600863836133,20.951886977153183,18.61126580370063
2024-01-01 16:15:00,compute-01,compute,52.29769527963043,9.308220583563019,4.911306601890057,1.4415801917228532,30.93013953786908,1.0813603322523953,0.6015615455871484,69.71809166083297,6542.734476931738,2.4075140491813576,134217728,0.0,94.24824890022394,17381638.841134228,74.23751211156848,37.811079213436656,1425.6930119371225,144.9950600013,564.2872467255056,865.057126044182,6.5094985087873125,0.7968884159715598,25.864593642119907,6018.021271606468,7943.8536319289915,3668.8733447092213,4327.453855484155,0.12878661759811932,0.1336192847132613,22.9130839135346,20.8413430214999,18.89771712487535
2024-01-01 16:20:00,compute-01,compute,52.722298708896915,9.26364486644387,5.026828149152288,1.398603645971437,31.450689886547956,1.0537416542290854,0.5943516117813807,70.0799766905685,6597.622057095281,2.3237760438499806,134217728,0.0,94.16629478027149,17322740.473827444,76.06907368224901,38.66042382205089,1442.2496665099836,144.7719809461981,575.4762919918709,910.5341603645351,6.399976230137147,0.7780922164523568,25.244475848961866,5850.430946158074,7946.123313006279,3619.059092223272,4214.044353732969,0.12845735055579172,0.12466411944128813,22.741245427585078,20.56531603280728,18.61693443078789
2024-01-01 16:25:00,compute-01,compute,52.670171970913565,9.384827867209868,5.102120904299741,1.4459136754433057,31.42642895718979,1.1019163588040277,0.5955685292076398,70.31934107272104,6530.028207260278,2.3194070110930456,134217728,0.0,93.60560076128827,17295611.2615074,73.75959441617671,39.12670909410617,1408.94672829484,145.6769207935048,556.4739158389254,913.4684259276358,6.67550208151222,0.780256721255875,26.135044564856884,5775.081650225463,7870.311254422195,3594.7947948782853,4411.018084751082,0.11993855563586409,0.12923474296527276,22.71110310860619,20.468997591455306,18.97184957392235
2024-01-01 16:30:00,compute-01,compute,52.97146478165547,9.311977107818704,5.143393319721189,1.4361786675986659,30.574749070629746,1.0772788984339259,0.5915698406503723,70.57070521755045,6556.066694116553,2.296077133343565,134217728,0.0,94.89410360032637,17560815.757737998,79.96115464824659,39.642499398891836,1402.8124397770534,140.3327693591497,578.8027559552737,887.3343055807115,6.413128145756258,0.7997862573553629,25.873837036756413,5665.752250329317,7795.534617418169,3681.614827321002,4350.591510608239,0.12650397982365444,0.13281220580576505,22.806349176010947,20.811605719179568,18.751344267396842
2024-01-01 16:35:00,compute-01,compute,52.73441333880889,9.218948059455121,5.068270870940442,1.4049737445848012,30.065699063301857,1.100484763359196,0.6008578164838106,70.13367145422156,6638.293609729278,2.299952877847569,134217728,0.0,94.24869072258531,17502383.961685557,80.6803579838251,38.72191586850093,1433.7187722726967,140.68796290088775,560.3971736890662,893.1581121415235,6.510577164556851,0.8116197230964631,26.308916025649577,5737.702642823577,7723.831571487717,3735.9087810551973,4241.019229146435,0.12901889927481913,0.13013854888057164,22.46235796944009,20.675684012346426,18.894484654806302
2024-01-01 16:40:00,compute-01,compute,51.94577730821931,9.349418860024311,4.968743578873823,1.4676417836052333,31.72255574916405,1.0983781814919245,0.6012739908337131,70.65079394819493,6603.930586171995,2.3220350139296153,134217728,0.0,94.01471420027579,17606187.942976277,79.01197216110761,38.2383658513961,1435.4005272734614,145.25773505201826,590.5406032571987,908.6211402500362,6.535667131716747,0.7718999261915398,25.961800743894546,5720.156842014967,7976.034515753168,3611.666701383778,4354.430594807733,0.1430355271892219,0.1322794069460779,22.584273290076265,20.796109709715793,18.883584055047194
2024-01-01 16:45:00,compute-01,compute,52.69152256744843,9.263612774676092,5.064194160403976,1.4211798435177223,30.635837686064704,1.0907217726818677,0.5974290742741036,69.72327335394966,6599.15012258852,2.323720881332851,134217728,0.0,94.20357106014235,17511565.202587646,75.57265874875574,39.21123317897175,1422.117972907671,150.39167441236097,591.9410841881095,868.1562045244315,6.461649467734508,0.7873448066206593,25.854813227086076,5829.102119771824,7991.763110017699,3657.170700683766,4253.259359518724,0.1281728139502179,0.12238867789674512,22.48303842661056,20.53465176435329,18.819474241910857
2024-01-01 16:50:00,compute-01,compute,51.87592839237316,9.225007407210173,5.016426132571568,1.4321088556380839,31.852975648021218,1.070086428381455,0.592126649433058,71.27056190152096,6580.319940223958,2.2915589618870786,134217728,0.0,94.44898339639236,17336125.55870105,78.95939639631654,38.997670618395205,1453.757068427586,143.12463143235868,584.8184605733355,911.3676750474374,6.46143775702966,0.7957614953133828,25.254087962618225,5393.48279827786,7512.997670809827,3544.144307414234,4072.8184370083486,0.13075356676642563,0.12140528299705507,22.69338452822888,20.64856893221986,18.756140464936017
2024-01-01 16:55:00,compute-01,compute,52.41001283075341,9.277801535259007,4.969073075769228,1.451166242689291,30.74006775192257,1.05537072561448,0.59564396203411,72.11047826002503,6620.404784718562,2.3439403589054275,134217728,0.0,94.27291100679572,17402821.966847375,79.1173854651353,39.90014241129098,1464.0454940397992,146.64066593775505,587.8459323214195,924.6929667643494,6.438253869153819,0.7449315877155069,26.568689000159203,5686.2540472366545,7684.164291218524,3561.5795234289785,4227.748882864606,0.1378705761323765,0.1304039081412915,23.01648692162237,20.59582804009873,18.47801631862851
2024-01-01 17:00:00,compute-01,compute,51.76366594615551,9.06536935029238,4.952633240992696,1.3853334440316856,31.143540220826488,1.0647856372871018,0.5948154971473063,69.38247856747395,6538.907734433485,2.1843607115760655,134217728,0.0,92.3267590082476,17416359.803460196,76.28345108627452,39.49392660918372,1408.4712217891968,146.95048538847493,620.262444982326,951.3283739279614,6.484776336186394,0.7727269960365403,25.676174009242885,6343.973127429598,8540.728015799012,3831.6810289754276,4166.55935805681,0.13060743927673346,0.12986659448419907,22.977202616876003,20.676159772301276,18.82410301544836
2024-01-01 17:05:00,compute-01,compute,51.54246090441245,9.155120040510326,4.9888980573633015,1.425993051501687,30.284769331897778,1.051854208274076,0.591828574409708,72.21704636933585,6560.4951774728415,2.3675435290847693,134217728,0.0,92.96796999750957,17286741.88701758,76.88028084228954,39.87615911490221,1428.4663606015808,146.59696855878462,606.8846048885897,945.5893982296652,6.474407892507791,0.7544742172686335,25.507764959239015,5788.511037302926,8009.403685143099,3642.8222754616295,4396.189300932368,0.12672787900535937,0.12876122299790926,23.207945913652743,20.846746501885146,18.691424069844096
2024-01-01 17:10:00,compute-01,compute,51.346288942271244,9.10033136228988,5.091126304559887,1.4359517835472113,29.994154531785064,1.0281413833025228,0.584460579580285,68.0872489489405,6590.629134863471,2.432702681019043,134217728,0.0,92.11106360518166,17507854.152480174,79.51491567602449,40.56392149712872,1427.3043745632997,142.0444805575272,621.299468474415,927.5790765471862,6.770755504812729,0.7806034857410947,24.676914180652023,6011.575085481394,8370.442061817046,3603.8743060131096,4252.95888563721,0.14020470311592648,0.11823673350520746,22.32061254886303,20.679644562038256,18.80200836075067
2024-01-01 17:15:00,compute-01,compute,52.680794242203206,9.141972104825852,4.848321363457232,1.4011339222409664,29.82197611948632,1.071089469587838,0.5867235223089905,70.90194952733142,6628.307502845213,2.3505037346201503,134217728,0.0,92.3427008777432,17742987.52012854,75.54722795157662,36.660752784166064,1454.8452262497703,144.9384981539582,606.8367099995703,942.9236834999062,6.547164017177219,0.772357426342068,25.56616013619067,6303.443786428751,8430.079657992594,3585.604528127182,4368.8064930541495,0.13945899468782857,0.12428079252326596,22.794508669680635,20.898319893199147,18.917612956026836
2024-01-01 17:20:00,compute-01,compute,52.41637413149366,9.117181542937706,4.929685116608174,1.4080699888762447,29.59674237432793,1.055773889161383,0.5879440934138779,68.63684956835115,6590.7828669035125,2.362095114585775,134217728,0.0,93.38624919958221,17479942.64146941,76.43084846039453,38.7411341910134,1420.2073695968372,149.52024038012183,606.0310935340174,942.085935831202,6.305547465822521,0.8109477812791531,26.30633718831602,6073.384561470008,8585.056826702954,3560.4405922750666,4228.294309379005,0.11939748192391034,0.12997766730069282,23.094288868974434,20.843761921581823,18.77114901372216
2024-01-01 17:25:00,compute-01,compute,52.226704573017024,9.241388499132654,4.962306690744514,1.4152572004691584,29.85960835044687,1.0850444580900829,0.5833945923271286,70.70626341245534,6390.765546077395,2.3409604985165755,134217728,0.0,92.51992585982661,17514500.284423508,79.43132797029847,39.016280071064784,1415.9490494325573,137.1131542027817,571.1525061321191,951.8729545503262,6.457893988467568,0.7690323989612702,26.697123944423293,6030.842747776109,8257.337623696296,3723.226114764741,4359.305221248198,0.13020623054363586,0.1273278273084557,22.51243195518718,21.02151371594793,18.707581635198267
2024-01-01 17:30:00,compute-01,compute,50.91132084739308,9.12722505666176,4.902263521617171,1.4045443375129412,30.15746578020468,1.0877319334795386,0.5832730598443551,70.91033207848871,6571.6278558580725,2.3810969348574615,134217728,0.0,92.75343396407885,17228029.08961361,75.87393659936521,39.26250809467426,1392.747934383457,143.89496855713003,631.3052401785877,960.9487458894772,6.599484846133915,0.792457968948543,26.40158659221326,5892.625979310555,8293.956103840806,3644.100834393952,4317.737586518726,0.12339833053457057,0.12913886247172815,22.803390505602515,20.850813106908685,18.570437053349874
2024-01-01 17:35:00,compute-01,compute,51.797218038891415,9.03933501273235,4.985802903514562,1.3765384537018144,30.404290809784655,1.0681983114818725,0.5964132849349464,70.11539447468765,6576.645251788055,2.233953521493927,134217728,0.0,92.58383858722758,17665594.268919997,76.33373491467408,39.45070717332874,1434.50994516172,147.13086639922295,589.5442512678552,946.7232881137991,6.545536803316464,0.7942194538077986,26.209407512109287,5762.8410063673155,8038.807455296394,3589.680833198087,4138.359829529878,0.12856216009664378,0.13709871002092988,22.560220800090274,20.925309842274565,18.569677227904858
2024-01-01 17:40:00,compute-01,compute,52.45950842988521,9.127176313299787,4.793157445986115,1.4143738006775792,30.425473852118174,1.0291983497187844,0.5914133486172004,70.72324216381884,6445.330929331362,2.3249481887233845,134217728,0.0,91.9409060790675,17583096.13337934,76.96783298797754,38.62127036661063,1431.1722014168529,147.67148632613893,587.2518088856137,900.6647618627081,6.405430654321883,0.7639232778991324,25.92171073514961,5918.992063086708,8179.747267944638,3546.2608533503912,4316.563143324884,0.1299623095421412,0.1278582035643916,22.95236893617975,20.707939037476745,18.68027006447492
2024-01-01 17:45:00,compute-01,compute,51.35353545254608,8.984940477719162,4.915780789486799,1.3979558131172714,30.5637655167098,1.0425614268262,0.5863708239903811,69.83882394991731,6442.057698964921,2.3536011913826753,134217728,0.0,92.9569234563093,17383374.675906904,76.86242765908955,38.838016426154624,1447.813442733962,146.25633796972707,575.4678589863644,988.2450976114717,6.433248418321187,0.7739519013556646,24.7253854774577,6164.697013599687,8081.412558869021,3786.477407872134,4387.6247138520675,0.1386573108728659,0.13096880014003287,22.695792859975104,20.660576534924026,18.579309269936516
2024-01-01 17:50:00,compute-01,compute,52.143874407354296,9.15306463114518,4.898640114170149,1.381641538668734,30.07295503093902,1.0767119126410165,0.5954937367439856,69.17955574588122,6515.621719647309,2.3353936743470647,134217728,0.0,93.24195673959301,17449599.16874316,75.02714645553516,39.10450066187825,1454.0308778353892,144.0539127602003,600.9566102645666,918.7434920083153,6.527637041190499,0.7955345358032534,26.145742865642706,5961.475299456567,8352.748875903582,3599.4850848791025,4322.213942744437,0.1331428945846051,0.12780170416493458,22.747456957916516,20.732925140582243,18.580294084937258
2024-01-01 17:55:00,compute-01,compute,51.24618434177226,9.123434618238122,5.014660923479589,1.4081332023582476,30.667439519859286,1.0555925146084377,0.5840294399256363,70.68945598039726,6710.965077169933,2.3486873186268973,134217728,0.0,92.9097625924279,17410229.980361775,76.42923390264525,39.43065192161016,1430.8075079945297,141.70825144944044,583.4636232714863,931.3599797677601,6.479554814478593,0.7687105961580347,26.443169592050822,6244.554041153219,8324.171915243756,3527.2146182679717,4243.665065573292,0.12245377099913002,0.13559963545864195,23.14073749163903,21.004658842147997,18.69651747250527
2024-01-01 18:00:00,compute-01,compute,50.49505774282427,8.811942722888546,4.8989120469922085,1.3706828318116557,29.343862974615234,1.0022316464946832,0.5725416842930505,46.722777493859525,4000.4737357200893,1.4011535852904273,85479385.96008632,0.0,90.39395426907993,10646190.84367766,48.03259533583245,24.57286936262839,855.5620711373291,87.39582665284364,607.0121572602939,976.2089165187086,3.956423216376976,0.469497028603211,26.160068501553564,6310.934561076947,8628.671291815306,2232.186511857677,2691.7886274049292,0.08148472285479254,0.07786146572247518,14.262247249185513,12.523226438608814,11.646191417523626
2024-01-01 18:05:00,compute-01,compute,50.70323692597505,8.900103667552457,4.7759422147983095,1.3704541443648453,29.540986506420605,1.0422577208954045,0.5649767273286364,44.65469591220874,4081.576777762987,1.4709751326006453,85176736.61123855,0.0,91.01242946969164,10702500.959433245,47.73903746704502,23.68825762004482,856.0191195066022,89.44995004478429,614.8936110003309,979.1774308232887,4.085874835885979,0.47345375977346305,25.731723267316937,6415.397959187455,8424.342703090466,2354.421616861418,2636.5450423017646,0.08406140199038215,0.08043734207601967,14.264027029767837,12.788374771703289,11.519450109728911
2024-01-01 18:10:00,compute-01,compute,51.24011300020789,8.923937347689145,4.804559295675546,1.3736213571778748,29.76182671543071,1.0092799782229729,0.567334568758522,45.459876658917224,3975.5399365576545,1.4537356500137024,83568295.8445346,0.0,90.05714827479449,10895087.755426032,52.527098470640794,24.047317438046306,907.7345548800009,86.84879982313832,633.0811680436601,972.1294856151941,4.050097315772421,0.49153635805482,25.419209235765152,6492.836856789575,8574.978715950654,2253.2306569906104,2742.1100384297674,0.08403115278705384,0.08288558691356616,13.682995717258972,12.899983623799413,11.485501433889157
2024-01-01 18:15:00,compute-01,compute,51.078488715876865,8.907473820557534,4.699092588240133,1.3560046367331804,29.297173502850434,1.037644816357602,0.5666887272282378,45.04500710385994,4004.1323204029886,1.4117701310602344,85038787.18211375,0.0,89.96456557683075,10664362.774286471,46.41388654331141,24.476426714736746,906.0520676452753,88.10487000059176,618.1420764277452,988.756006245766,3.992635200568595,0.44977332612874454,24.635538498929414,6138.828616548951,8442.747381766185,2110.715830634265,2484.770010338504,0.0861576355161784,0.08749354239864973,13.839549009685536,12.549766109068596,11.511805303280882
2024-01-01 18:20:00,compute-01,compute,48.92359287512752,8.939324109135988,4.798197131210051,1.3730409029676915,30.025275463766224,1.0371723552690808,0.5701020054339901,46.16104333768651,4113.403163651851,1.4238131078997183,84829940.45532483,0.0,89.85913171037754,10652023.011034878,48.387187771992274,23.663778570900263,882.1721027156042,84.81911951648166,651.1676956269126,944.8448637196472,4.000596144255146,0.48983397322840944,24.579720154462656,6250.465380602844,8507.402074019372,2151.5762617588994,2579.51022602934,0.07275379298957671,0.07937855512545063,14.032941463061798,12.738735200415249,11.637537176410833
2024-01-01 18:25:00,compute-01,compute,50.28673321512497,8.947812053562899,4.892699059248965,1.3745966720654723,29.01242547585001,1.0261818071124256,0.5658376863182618,46.11790164128338,3917.4361318477604,1.430062331839481,84728716.9449596,0.0,90.13453435131242,10743914.734083554,49.49051922952621,24.49478890557721,884.6542433829813,89.04523268325137,622.9862342527804,1000.3102136468256,4.065243933267029,0.4827313156318433,24.807432287410197,6421.2410375169475,8695.18776460805,2150.379785439758,2740.332241830066,0.08176826323037767,0.07271833863527953,13.95180012069243,12.819546743869433,11.739095897694394
2024-01-01 18:30:00,compute-01,compute,50.56684672605302,9.083553053277361,4.850637645839405,1.3798774807018428,29.73861739785484,0.9857270673589971,0.5663690336642357,45.24309702234887,4079.8666885866664,1.3452613504078839,85242322.48850442,0.0,90.65978411707864,10558374.98413468,49.24925401943084,23.358143540841052,889.1775058109376,87.90191612273989,630.4645789328322,991.5146545919803,3.892011883412949,0.4476127828829538,24.395645444516195,6164.94960507287,8710.095491829074,2368.394443106192,2566.8436165684416,0.06618229171032289,0.08130736143187174,13.92950727669704,13.066881334113909,11.519215036421878
2024-01-01 18:35:00,compute-01,compute,49.89489308473494,8.817066555114152,4.749861132924327,1.34713609288441,29.082043809516172,1.0232298158493158,0.5611225909830262,44.16573637542869,4027.5691710365363,1.4568300708200084,84299998.9202476,0.0,89.49424098116215,10720857.418176144,46.3083805011941,24.14510794904473,907.7279615167353,87.47491159387758,637.4004495271565,982.7958823914648,4.058837306777142,0.4554888179016714,24.482632404967614,6439.739244757722,8965.843553190172,2317.4387300111403,2670.6016283297517,0.07176883918651837,0.07693866750388186,14.234523110028496,12.788682687090027,11.505860491803785
2024-01-01 18:40:00,compute-01,compute,50.219117079862286,9.081381696466998,4.862591505114978,1.388938150719779,29.753872083868362,1.0751036115999584,0.5793660301814813,44.429566877956766,4029.375577393309,1.4482577275136257,84725750.45452721,0.0,90.20206786375326,10815853.624078851,47.23405789266202,23.59551305307718,917.3740091641725,86.28013421695512,648.4228228877812,952.8811425160887,4.013937474238977,0.4853611261063906,25.59075854573963,6307.2654629387935,8534.808815531505,2286.303887890824,2713.6757129832804,0.07487799028354787,0.08130766311843791,13.62885128401857,12.944851906270305,11.676119885273197
2024-01-01 18:45:00,compute-01,compute,50.55073938206487,8.97220457797903,4.8706441692123725,1.361738431077379,29.364890675137616,1.0236769248661994,0.566256518377873,45.51813498092069,4034.0193621562616,1.467059305089297,84939114.33503951,0.0,90.07992449396943,10599182.792428482,45.8482981904005,23.858703319518888,889.7668772949837,87.22919741202375,620.7271704590065,990.9894421861821,4.051134008300585,0.47996926519388244,25.192778482305982,6312.325066588242,8299.780363315804,2309.4223312307245,2762.860054742465,0.09245887902829908,0.08696772846190255,13.58367492062221,12.687253372862076,11.558935443003836
2024-01-01 18:50:00,compute-01,compute,50.506528822780766,8.91189650685102,4.942856502124241,1.4092239484637739,29.151660308784294,1.0603318354507727,0.5720981285523378,46.02197783230436,4026.833926944271,1.4338222885442553,84102666.9175175,0.0,90.21088126972737,10675506.40721279,49.85804914308979,24.289259344788302,862.526986129032,89.95733694715115,599.9856331700751,1038.0295535236323,3.880967907238113,0.46159162288905276,25.298034661838802,6245.56476688489,8859.98027268613,2232.3678451537853,2731.404930398729,0.08139810146394673,0.08481954748591415,14.523763288940122,13.032090041533191,11.454204452814675
2024-01-01 18:55:00,compute-01,compute,50.015002730666126,8.826484050478038,4.639141929155189,1.3753810983413766,30.059308964974594,1.0216475703358925,0.5780433483026036,45.60138666776266,3989.7917423868416,1.4289342328948438,84329385.10482599,0.0,90.18004057232866,10719723.060629457,48.85817473126897,23.64825519994195,920.8814273905651,87.36309853493589,621.7404852089794,973.5900998735024,4.09152626329053,0.46549578901563987,25.20887127033128,6543.123468283914,8594.288452799168,2221.148886762716,2680.228691674162,0.08461057824667406,0.08181915926668383,14.120863799384177,12.79601523212541,11.523694702352838
2024-01-01 19:00:00,compute-01,compute,47.74670638046448,8.652288848101394,4.677367059820182,1.3268454534550749,29.350059353169016,0.987250738504373,0.5500040112593931,46.620341140317024,3963.5116376017663,1.388657135663313,84875363.36344056,0.0,86.30278031043365,11012229.841013854,47.24686001612052,23.83410381140497,847.9624774770338,87.32210531874595,660.2074012749931,1016.5624173143796,4.032391833881589,0.47124757903892217,24.29306971092378,6263.511404824026,9013.305728300942,2228.862142479019,2538.5692357616126,0.08291445679076768,0.08574802089116933,14.588652540868912,12.67276601446848,11.642191455293219
2024-01-01 19:05:00,compute-01,compute,46.85011234335722,8.476565573095188,4.478273014423738,1.3357406198983865,29.794570320135097,0.9770917620412534,0.5523039908854545,44.763596840633184,4003.5898375908796,1.4685446784208953,86146333.46467413,0.0,87.28427868115853,10738678.407041864,50.51212708632986,23.917015164859738,864.6057958881362,86.6007639603886,633.9409913138519,969.5985206888712,3.9380741680452878,0.45827834011468677,24.24689263212672,6418.2741143812555,8434.396847620943,2359.8730697753494,2804.7790607909747,0.08025297619940588,0.08253553748448408,14.389721442297688,12.831854763226834,11.47057426250413
2024-01-01 19:10:00,compute-01,compute,48.32717516771898,8.600736823773238,4.603510545539443,1.3120944358732252,28.960339493187348,0.9676559864431665,0.5485246902320243,46.16560329447174,4138.580874067644,1.3719531885243306,85265270.1583418,0.0,87.4475046696756,10726014.291519647,49.36850492220323,23.032801055553822,855.4617048767038,87.63156140090935,661.2307116776241,1036.527845268424,3.8632443172862,0.4825984528137035,23.707265768598,6609.694603259922,8954.42904973636,2293.9885378758645,2697.8987277812957,0.07057421017039016,0.0810000876757423,14.113336633627119,12.842748710689564,11.656311229109892
2024-01-01 19:15:00,compute-01,compute,47.97063331626241,8.663692726778878,4.766333367557039,1.3201897241004443,28.10249937329501,0.9941378986424376,0.543818189374531,45.448893353725836,4038.335389614946,1.4531076561170029,84791524.41289978,0.0,86.38608488410732,10830391.518769987,45.950407617442075,24.302182412422933,888.7456395293974,90.4906696365393,649.3103587473144,1025.2826013099507,3.877829893113549,0.4590627688569364,24.670094603248312,6395.593625319471,8729.032946928677,2199.9722969015124,2471.5303948965316,0.0781402753665919,0.07123926584494472,14.233366512914074,12.900485201594966,11.550456345712428
2024-01-01 19:20:00,compute-01,compute,49.10501076389132,8.442652258193565,4.554595781732478,1.3332859301599338,28.040553328766503,0.9876670076769829,0.5535084851277615,44.683581537538394,4021.6271356002007,1.4271528838946577,85278403.72248118,0.0,87.08611893673059,10795054.805755584,48.63160073103069,23.24200938114952,877.2010026648543,87.21650126842778,660.4075733976757,1000.2598503506064,3.8986318185717375,0.48013596102874434,23.5582352471156,6522.386801471565,8717.94721536258,2334.8259100612518,2717.4841213044956,0.07515119461612328,0.08274139098464416,14.093018983592074,12.822380882681482,11.377947153206051
2024-01-01 19:25:00,compute-01,compute,48.69797818664517,8.51017913613756,4.647895167871462,1.322726745152816,28.0178723658192,1.007182291290932,0.551883312709134,44.87358654988113,4030.8147576504775,1.4630963298278397,84116893.49321763,0.0,87.35459050878544,10566861.24816596,46.69022480872845,23.42427755109816,893.9976562134849,91.54594916479383,643.9065484640016,1000.8312600922447,3.9485033734416453,0.4580028755230916,24.194207886547012,6358.868340505069,8962.305714340704,2087.4807670811847,2627.9211332469417,0.08094305847796587,0.08496143997926728,14.37986355000852,12.77783901091633,11.22622698938451
2024-01-01 19:30:00,compute-01,compute,47.989597341740385,8.626236678939463,4.600164812284642,1.3289562843931404,27.42865788779984,0.9713465601297435,0.5390442285562103,43.453298334475214,4110.132724036325,1.4803812353563464,85755292.77889262,0.0,86.92724661726187,10544998.464584395,46.068018781455294,24.40656574773123,879.2070508312142,90.18238176396316,649.4583935597017,1006.7568521573066,3.9961658169529244,0.4651156900815229,23.32429659908299,6423.643548340512,8746.557612184988,2185.5948537660993,2514.569039810826,0.07103650628660459,0.0778362003277527,14.109867890644864,13.034193671329685,11.647887372554491
2024-01-01 19:35:00,compute-01,compute,47.282710132253236,8.572332081315913,4.644713023825832,1.285956298905847,29.14029163195899,0.9790883706431465,0.5534132897164055,46.56200137393349,4166.747608683719,1.408654537994733,84925378.4196025,0.0,87.11801795283279,10432298.997113364,45.553379197876694,24.484741994294566,909.8022803146056,90.340264320677,634.707861719099,1045.5074732380676,4.2053282333459805,0.4778118879113189,25.253694178609692,6605.214067502408,8981.998695469953,2223.1658478190966,2531.66430441522,0.08087197174958935,0.07755521435581551,14.751892808738035,12.846720132614422,11.566906583846508
2024-01-01 19:40:00,compute-01,compute,47.726981889246055,8.653328041199256,4.730333484118396,1.33131685562588,28.50261531285852,0.9601502215632048,0.5516825480698437,44.97929751572136,3960.8217785578227,1.4529373008505864,85463069.84255116,0.0,86.29980655091065,10666862.788114207,49.93229163569641,25.205595139939458,909.7293334586427,91.48023641343157,650.9628054213567,1022.5882811028191,3.958108178483663,0.4820677280832327,24.411588217298032,6293.649823036487,9185.098433800245,2365.3919057597186,2601.443711548897,0.07202283701181846,0.07030169568490954,14.267986138817891,13.062017492734388,11.606912875683152
2024-01-01 19:45:00,compute-01,compute,48.023748401426396,8.537060141039435,4.7376417150460925,1.3088781912621195,28.52370247242718,1.0168774697012366,0.5484217175106183,44.9259614228946,3967.5989651278533,1.4122915279922896,85470654.42509195,0.0,86.78745316060913,10587907.553540798,48.36285123689927,24.24494541826731,884.2364057265244,87.62879734621188,641.3671657561694,996.1438951320578,4.022812544625487,0.4859501370178726,25.043028155393433,6168.058375659867,8549.525716933,2311.106405947728,2670.902516368878,0.07624131366796219,0.08573156295767967,13.656970801011957,12.868305523001254,11.40373557355837
2024-01-01 19:50:00,compute-01,compute,47.548418146612896,8.585200696953024,4.639033400375658,1.3223712225121342,28.86139473236485,0.9661674750348765,0.5516103325797084,44.81960495954553,3996.87545810007,1.428186281516256,84333972.55753538,0.0,87.21787811945345,10741469.467372358,50.52535739747485,24.199135515052753,865.7083121115963,86.92741097350158,652.573461562472,987.2956635870587,4.0276079480733165,0.4819137640733002,23.60926074638483,6435.543257724105,8911.701273036197,2219.4033907430926,2736.939108895663,0.07890924641461743,0.07375951356398561,14.068537352423018,12.89018209704158,11.211533241036436
2024-01-01 19:55:00,compute-01,compute,49.99811579639705,8.579519640818164,4.631964921848758,1.333940867720152,28.355465667247966,0.9969877739676015,0.5494870049936298,45.057422262038756,3994.2294460605253,1.4350607835423237,84441144.51493356,0.0,87.47276611977064,10552829.772658598,49.784143677747636,22.919819202157,856.153158976438,83.31576753271098,636.1949924595745,990.4857475766765,3.925401339045826,0.47200844082350923,23.79549596643079,6554.319247516616,8902.98408552156,2190.7439765943163,2537.566916388342,0.07192270332639356,0.0782316721713976,13.841419965790767,12.879029925824762,11.482404889112873
2024-01-01 20:00:00,compute-01,compute,46.20112151613911,8.172138952200953,4.624474794163934,1.2667448404562902,26.464562129928474,0.9811524503088712,0.5242236571787067,47.18825654199579,3945.8459840581386,1.4843973571276812,84960056.82370119,0.0,83.60809524799102,10622088.606472362,47.33747239492418,25.976587215879203,901.8405444523651,83.84332698445141,650.6650231446416,1005.7944621189158,3.9441519068944757,0.4987606116668073,23.349971114020533,6391.40509024053,9059.304516998496,2247.126343465095,2543.601450103552,0.0819283473242751,0.07824404383794191,13.844355017148965,12.877563360748335,11.513772104432581
2024-01-01 20:05:00,compute-01,compute,45.56062949045115,8.31122512257115,4.486684267079285,1.2314041888903116,28.14990222829875,0.94686179739771,0.5321172231494121,44.87164081654882,4010.03952471653,1.4136396663965929,84188921.71947289,0.0,83.29175830305897,10659324.447934074,49.909427867887906,25.14953139384748,890.394249964318,90.0765875934921,667.6522594058366,1006.0862763673524,3.933047609164174,0.4646057002607669,22.908106952913737,6500.667043378794,8862.745748167286,2270.3752814775494,2733.156136123463,0.08462771498934216,0.08282484325676207,14.4273451546336,12.860484368053054,11.484560035271858
2024-01-01 20:10:00,compute-01,compute,45.092039300283844,8.120742411903265,4.575886296596179,1.3007082710355273,28.096470881750086,0.9435938451293365,0.5209669112591747,45.26887323119284,4141.605875605409,1.3025119347296077,84307714.16006453,0.0,82.64706118514218,10829303.69263503,49.093098468087106,24.647910514260893,882.4481019242265,85.8684831655333,651.0553574898499,1011.7265932488154,3.8412121008638054,0.4814732118820456,23.838634585516395,6400.971060566306,9165.331649646796,2308.6633493440995,2719.001440172712,0.06866300866055107,0.08131594370148756,14.199840456934982,12.594205330263527,11.505984987483668
2024-01-01 20:15:00,compute-01,compute,47.68264480880097,8.119131238953312,4.3452823134514444,1.2690836018837885,25.550098908995786,0.9423657897494592,0.5162704836531072,45.105351930656504,4063.3981991781006,1.4370047826311751,85230662.32364783,0.0,83.28596360881325,10747394.78329443,47.71265249748851,24.815512525133812,868.2389320991368,80.7669258206789,643.3921285399791,1012.2908754620044,3.953313723844681,0.4653350613198867,22.607277207401182,6329.8856532856025,8796.688344234388,2127.7864099194157,2676.821875075674,0.07952452492376144,0.08012658460265154,14.581478512743066,12.823093389148763,11.540019470352377
2024-01-01 20:20:00,compute-01,compute,45.784700969716596,8.153566701026685,4.577727978401966,1.2331677421083151,27.006461267515203,0.9435283597505761,0.5215444442110968,47.80308534740588,4124.2017740494275,1.4693756231621797,85137377.74004263,0.0,83.72253053832719,10776913.18503147,48.858253749747035,23.059495625715684,853.9394544765793,91.84647049213858,603.8242674569011,1039.3014726193796,3.9479372083847895,0.43993608695403535,23.361957327817944,6459.075805991376,9132.606628069152,2322.8188875231754,2487.5805035599114,0.08333895492493963,0.07807704008681834,14.298957514554836,12.933888985217752,11.258543271547596
2024-01-01 20:25:00,compute-01,compute,47.62714253296843,8.177817207907713,4.356322342458868,1.263764882079525,26.285012129875703,0.9550976293572612,0.521799431675299,46.85719874933964,4088.505365244733,1.4492410543648984,84655956.83583036,0.0,83.24995049761634,10626107.83279876,50.91516101872279,24.504185323959685,855.1457456080993,89.5193977067646,646.369805505619,953.2573137821431,4.1351931552870695,0.5047385172087409,23.22093998396082,6596.938980484679,8626.349908907441,2218.8580871789854,2714.8812363641405,0.0843690273559282,0.07405410868211909,13.52169383899305,12.66350324901517,11.349410746688104
2024-01-01 20:30:00,compute-01,compute,46.67131096033254,8.236366530039255,4.435983111906097,1.2666882005911773,27.15211946144969,0.9466055280780653,0.5243870202619976,46.18336324264425,4014.5206419001115,1.4867484413011185,84919180.98520823,0.0,83.31988405730442,10675576.562955402,46.33409589467894,23.99740500149265,895.6589847025609,87.87346306942955,666.2733219680731,1034.3378749048215,3.870819043178611,0.470868927221883,23.832492046503674,6579.580412836786,8878.441307038214,2274.030413800067,2669.3021610001438,0.08592993279670483,0.08130233569500658,14.138856588719388,12.954110039286967,11.655809922156271
2024-01-01 20:35:00,compute-01,compute,46.488537384531114,8.166286148318745,4.452341608869708,1.2501556670974379,27.996761216969908,0.9210730983281092,0.5262169373515103,44.977428413537766,4087.039590864952,1.50316751402156,83986574.36091633,0.0,83.62716721948894,10600443.276018016,47.286989457107765,22.42937466110322,844.7242094562368,82.03371059217041,657.5856739017693,1012.6850598338925,4.1776404709776545,0.4853622655747412,23.097031264097755,6500.542855007014,8892.204771697205,2217.1396366803533,2748.156001303939,0.08935442452006263,0.08306696917039458,13.723676574882907,12.829639113537446,11.56769180413094
2024-01-01 20:40:00,compute-01,compute,47.32931446649689,8.021475089267751,4.326970529370475,1.2755594704092112,27.314445377963395,0.9400834128107245,0.52153843646143,43.407569634905514,4132.432993464692,1.375788034994852,84932176.90124102,0.0,83.27384226316347,10755302.449208828,49.64888663561098,25.033275096241898,847.590715462425,88.02927941602279,664.5824306771103,1025.7584494261862,4.042479943877185,0.4616627514054095,23.07320992356541,6606.090744111887,8598.618342685295,2202.8921298862924,2757.1963598489365,0.08056387301342079,0.07774825140745584,14.362039574873448,12.854492115661248,11.430725167739947
2024-01-01 20:45:00,compute-01,compute,47.11385483074659,8.189111132038105,4.263623242746959,1.2643426422269106,27.08777485756007,0.9449996129056794,0.5301891407287599,43.731961923289965,3790.3219069725797,1.4555710981646957,85969197.68978517,0.0,83.57808904540012,10789209.670198353,48.732837454000716,22.519242157332997,883.6469384809365,86.81140455935015,640.1377816495057,976.9890013750984,3.8456648764148,0.510564609350588,23.559620199337203,6523.59261675172,8805.677444319897,2368.9479900961555,2674.809778827983,0.06877616790166888,0.07981205258476554,13.695781585366603,13.035833234629438,11.713549321167946
2024-01-01 20:50:00,compute-01,compute,45.55971315350362,8.178024433475784,4.408895471852092,1.258013864021372,27.196503381050768,0.9637351165478792,0.5324641861899112,44.02293811967371,3943.2363609308927,1.4477349826188681,84206816.29262398,0.0,82.5764608652184,10853002.441456793,51.16801226284095,24.50825111399827,901.100578137138,87.75628070396843,644.5707227216351,1029.2062978675442,4.167733577364804,0.4576796010231848,23.735822328940138,6596.059936119145,8497.006659887857,2162.3389394961387,2865.254772729505,0.08623796188432155,0.07823789281586746,13.339198915495444,12.630054702160194,11.62819206247785
2024-01-01 20:55:00,compute-01,compute,45.7747558865233,8.259803757841828,4.512729999380836,1.2579573992946884,27.395078084132717,0.9472844053220385,0.5205194964214676,44.74834336369924,4015.735380985964,1.42510854742593,85222985.91892846,0.0,83.13606495472004,10599903.916554702,48.055794748183175,23.67910072366518,927.3830663449428,92.07974698973966,660.2185547763635,995.8487091174741,3.9304204878938345,0.45178263048351813,23.622510143001133,6391.050135586886,9028.927118506574,2232.729319199263,2722.3538146283527,0.08170603011077061,0.08244676314824058,14.199278805947372,12.62320589867495,11.51270643099221
2024-01-01 21:00:00,compute-01,compute,43.38787708116043,7.633706784008809,4.122785590580356,1.216046174184869,25.794134210537944,0.9101436667089916,0.48875282284227495,43.74462174067694,4120.600589744406,1.4454370083681347,84542251.02549899,0.0,78.38877446832856,10720632.067691578,49.706823010128765,24.523135353203845,878.9606988764433,86.18692336772331,654.8977781451291,1015.3640991107147,4.114935454818633,0.4753616771846529,22.621354662111713,6671.383006367959,8909.688955058167,2290.0190462022033,2714.0958312140824,0.07453572225386802,0.08967051522625888,13.800595955531305,12.90642762204603,11.30857786581192
2024-01-01 21:05:00,compute-01,compute,44.41441579031279,7.728750410563436,4.1263839406056135,1.1973023328976973,24.7979439959107,0.8985760506725083,0.4981787058779114,45.79059444933607,3972.1422768016055,1.4625570734519606,85012443.72210492,0.0,78.9544877739079,10576472.800574526,47.448392898927175,24.533989435851463,838.1699359708834,88.60212283271854,629.3247381598051,1004.5953443578258,3.8649072336088555,0.4843166585494897,21.749660799133622,6456.562950346863,8862.419776150282,2309.2027461652588,2670.7530424665183,0.07164541953003223,0.07292191301263669,14.546391882738636,12.814320524643431,11.449462132684456
2024-01-01 21:10:00,compute-01,compute,43.920608016583124,7.93823839610769,4.112079127195087,1.2092404112174402,25.796005628422115,0.8924188588724657,0.4952134614901376,43.86243324332573,4131.874481879643,1.4620933814708517,85444695.88937728,0.0,79.03712160321068,10611967.30425465,44.56156891193557,22.760330517316365,918.4103250446069,88.31951984149481,663.2798697259792,997.6527814681092,4.047223334720038,0.5000045983554365,21.824153525298197,6481.687545308519,8592.299872059219,2181.4449551535517,2654.486659228873,0.0831692992204886,0.07886033980864389,14.30601748959442,12.741630967449453,11.53545196306933
2024-01-01 21:15:00,compute-01,compute,44.247420845179846,7.826008225696441,4.300494408694046,1.2158012612941858,26.24604883404477,0.9030833465404178,0.5037335230919444,45.042341772102546,3932.8549600135516,1.367033347533593,86057551.64311688,0.0,78.3584404711775,10817643.653072555,50.90869951571669,24.451083316232054,906.9334190620139,83.83881565442071,624.497473175589,1028.4562527579433,4.128699622796096,0.5002226417174539,22.29062032683141,6285.697207091151,8600.861568275042,2311.383378855064,2667.0619470160345,0.07853304076437055,0.08051638904887898,14.220818342543225,12.770618512587847,11.802617571507305
2024-01-01 21:20:00,compute-01,compute,44.964186806674576,7.730142658773362,4.257992409646362,1.1607325023560806,25.698718635914847,0.9237381084557772,0.502603664508415,44.210983531935874,4022.7555789085986,1.5274559872368227,84106733.4680551,0.0,79.10953092770549,10964729.50994948,46.6413685219539,24.70975004423274,908.5463482824598,85.8688453668709,643.7729976043037,988.9041658350511,3.976899812640189,0.4875864913881913,21.62763598700407,6357.843371435401,9209.847985815244,2207.96083447094,2593.1159631478567,0.08087483802633397,0.06911711536406405,13.843033092312778,12.78188725612758,11.70509953627668
2024-01-01 21:25:00,compute-01,compute,45.440851788085716,7.859110202450936,4.264377423664058,1.2022820647760977,24.763283932912085,0.8938597158350489,0.4961781397529413,44.36744111121242,4046.297360038454,1.4417018498967826,85106934.67047803,0.0,79.3028824853695,10559111.449884823,47.94214797742949,24.653217384372997,873.9945977802985,84.92278841411793,654.8336684586956,1005.8292114011617,3.8768106202897177,0.4393546820531336,22.460972300328038,6589.516519427531,8820.112206762744,2254.5454939751908,2606.0583422577747,0.08186529945192608,0.07864647584603998,14.434998278026509,12.839961743911369,11.393214754802804
2024-01-01 21:30:00,compute-01,compute,43.66370973791598,7.80949217341772,4.146264325036716,1.209113541687078,26.355557396428228,0.9511153624089659,0.5017036399452645,45.41447255427645,4114.275161873814,1.5020914758120318,84715882.66031928,0.0,78.25475688957488,10902637.53002336,48.27750337823202,25.434681065815695,893.3728157508823,86.70501061616275,640.1513655803556,1058.574642442652,4.182608059384812,0.4914108681576734,22.63678099191674,6471.5082120753705,8619.913356230558,2127.7676151923806,2768.83137075703,0.08699859435945048,0.07545689010845903,13.77319146630248,12.936358397767782,11.495553178415364
2024-01-01 21:35:00,compute-01,compute,43.883034482767265,7.895996778584531,4.1608419859723424,1.1773394483033455,25.946029971114246,0.9169353913180468,0.49048843589651325,44.47334379609051,4153.46733167,1.450354609916871,83788227.10633098,0.0,78.6433176256347,10766413.394845752,50.23926457909465,24.827317640221302,859.5821528876129,92.49228885424675,662.8570024684584,1002.0197698900043,4.001002718893794,0.47044025229823255,21.838186957727324,6305.630975410656,8969.147650701223,2308.2354915575597,2638.6833758854673,0.08098196052321625,0.08570906246210659,13.81717368061407,12.81288327160736,11.469517239746862
2024-01-01 21:40:00,compute-01,compute,43.76715368808412,7.844245285953882,4.1502937426974755,1.2037439465885684,26.08807734445085,0.8866009537913797,0.49628232757045615,44.50510196292494,3975.5971169611457,1.4042241413888343,83824559.41205369,0.0,79.32357864031727,10827258.226326153,50.19666217816711,26.630152657437847,851.1410743065859,92.30295521168458,659.0658467507345,991.7710203900813,4.056064482825896,0.4981800546117969,22.024128733711894,6211.171836362885,8727.804347907972,2281.1185109045564,2625.3182662411755,0.07708804709163931,0.06546473683008427,13.806805673229578,12.48025159028408,11.533884241614123
2024-01-01 21:45:00,compute-01,compute,43.51256252737128,7.7515277199378145,4.247839969943757,1.1696332157021287,25.79975170483455,0.8991272378901279,0.4957186192550548,43.2869342604391,4012.3043146820683,1.4594023365466993,85044865.30648784,0.0,79.22584933753676,10826071.425858995,47.415035973044034,22.675189741737068,905.50320777124,89.43809174101112,670.8693726386482,993.6809655798189,4.015481779927071,0.5101657172636364,22.504743116227065,6765.675613505806,8912.722325389757,2200.3043419519377,2590.187692017304,0.07978405948029445,0.0739551369107983,14.050061175744537,12.914491218800524,11.457259560785435
2024-01-01 21:50:00,compute-01,compute,44.384956174770416,7.827614791061858,4.087855377478992,1.2255626128231212,25.645188774262248,0.8938796133312833,0.5009604646413564,43.619865364185785,4036.316467871557,1.4433298509827304,84009494.34018482,0.0,79.66925679016452,10619049.523359962,48.806631692456776,21.91490331927625,886.6007752449756,81.17207088578809,647.7949982524093,1011.7641763000369,4.150988185585749,0.47314739810766854,22.349946241689302,6463.476664158004,8546.574552294373,2143.367634440239,2639.803340509294,0.07677945410774584,0.0715575779709823,14.066665149692263,12.953386035196598,11.670902310229502
2024-01-01 21:55:00,compute-01,compute,43.07799970182741,7.722363968666811,4.197571963373588,1.2070987400736353,26.56577342379829,0.8927177448536059,0.4978592651885553,45.02158077136112,4053.275040309189,1.4380425166377777,85008741.06139868,0.0,78.64214902735552,10588805.079989998,47.62442381258335,22.418951971023066,882.3720956207271,87.04304964279783,646.4555616203772,1010.9261942679454,4.144096015374262,0.48609246575960136,22.131738096637534,6384.328476778979,8900.339769672319,2271.7365897215823,2760.921318988314,0.08152367253933555,0.08160132342203623,13.86095720616333,12.967886271855402,11.531973235657519
2024-01-01 22:00:00,compute-01,compute,41.429570850881774,7.386659272189371,4.021069582199855,1.132263597211734,24.09400439360769,0.866642755726687,0.4735550844598888,45.653457628180355,3979.388016477998,1.4277248473424147,85123591.19914182,0.0,75.63362877899027,10693343.242968233,50.76313043626388,24.90232286304592,883.6931192879211,87.49950408030055,638.06327167038,1001.0987404767973,4.025132917434592,0.48200528848543794,21.215813159851113,6074.983623154231,8555.936438826802,2325.724547946751,2675.5251912344265,0.07095214881120064,0.08541409895488353,13.793033546668276,12.576467947528874,11.643380232296767
2024-01-01 22:05:00,compute-01,compute,42.19120229194804,7.459787398382393,4.077070186079899,1.1262444380575474,24.826714436990304,0.857415588799408,0.46854831816655396,44.55900565083195,3876.9921069353077,1.4015795323698828,85596524.95477091,0.0,74.99125597893655,10683944.761540513,48.1403118387747,25.028153475956035,894.80142751636,89.01598436471285,641.4176960700136,953.9516245851337,4.056737559131072,0.49976930378118267,20.713631624349944,6104.4931552229145,8538.812801624206,2246.0926702285988,2738.1126745400366,0.07665208493228456,0.07980474919107793,14.200932988639748,12.817278511402822,11.408834721713951
2024-01-01 22:10:00,compute-01,compute,41.190432354946566,7.260712145337467,4.020282474417641,1.1452484727615615,25.15722288349224,0.836746026547426,0.47612509298946804,44.84108067226336,4124.791710046133,1.4573724233596703,85307208.5684248,0.0,74.92128734009103,10781097.363010786,46.08002532905794,24.608602297201024,883.1505206442091,85.56888094296232,636.057836369312,963.1654916123255,4.100142524054034,0.4679499445884061,20.565327218093188,6173.589776026594,8728.8894391908,2236.6534223523236,2646.209259671754,0.09292462511116797,0.08356589087043242,14.111393364822417,12.867598845232115,11.53872107654351
2024-01-01 22:15:00,compute-01,compute,41.83388001041267,7.420018904451364,4.01607330826844,1.0895088632662508,24.60485053956603,0.8741299791061219,0.483778714003874,45.07908768646823,3943.8175243042233,1.464763284740571,84243945.53806694,0.0,74.4582216794214,10822211.705475083,49.291647724192075,24.316975228748298,877.4107398593907,91.72787926792473,641.072266576741,960.5310091601947,4.0160856819715,0.45473302646570385,20.292512154057707,6236.520700013474,8491.250543784785,2125.9405545021823,2643.668039899129,0.083133164500351,0.073305091930789,14.047381479361631,12.626546313486067,11.418652561227432
2024-01-01 22:20:00,compute-01,compute,43.10396891122063,7.422847902493376,3.928982040059567,1.129776430359854,23.64344629589452,0.8813713281260137,0.4763555120507827,44.52871640150581,4114.528436693666,1.475692522082391,84750343.9872125,0.0,73.93868694034104,10916206.74422571,49.92244747468644,24.166348287886585,871.1501187448313,87.70548800157155,650.0014985596437,952.0231558672205,4.111885212493963,0.45007330374002774,20.691404271775177,6322.117703821233,8482.614856105263,2328.881484103414,2753.2954168431856,0.07958358500317622,0.08430496813017262,13.754134494141681,12.537957872458534,11.686065516264502
2024-01-01 22:25:00,compute-01,compute,42.06490026450535,7.383440818489695,4.170730808238121,1.155464882688463,24.829928621036828,0.8811187570204925,0.47745882945445905,44.3561603481419,4001.8048959204634,1.4449273460200163,84596841.66003896,0.0,74.97482971768439,10787721.324273752,47.97859624161452,24.181555896142058,894.1881166854627,86.935409299958,609.0824578986993,946.9920435374477,3.9003130356199396,0.48030783573284797,20.94928809048158,6537.757846991006,8427.836173071879,2137.7697710297625,2677.0604254652844,0.08706473587500732,0.08143870056940644,13.79503564728889,12.68397361905122,11.485659756996936
2024-01-01 22:30:00,compute-01,compute,42.46607152201889,7.288158289110954,4.077089065490638,1.1229423486775527,24.116306943937712,0.8435460514948809,0.47449961035537125,43.68318644777164,4087.062421788887,1.393568582594343,85035108.99557021,0.0,74.94675655358783,10960262.579902215,47.25707732707886,24.429284073618792,896.8786399651289,86.71018691772586,654.7690566321207,985.3468778804772,4.01731462830659,0.4969314122554353,20.916164653028904,6232.846297184203,8297.919774723914,2256.8707673584167,2571.095417744097,0.082518542839182,0.08567847045488866,14.09991220934155,13.03436534848399,11.483858961062419
2024-01-01 22:35:00,compute-01,compute,41.36908489068616,7.298302476034341,3.9933325231367576,1.1537823705127184,24.484966171034632,0.8535157806256751,0.4757693970518973,45.040002279240326,4115.599490018695,1.4886291704362773,85930372.82312843,0.0,74.85301546809873,10977518.981557013,48.042878345039966,24.26685158148316,867.4377174710662,88.23445295579029,638.1478881742202,944.1956215539896,4.013906707539295,0.494928394194244,21.12616703590573,6269.348530480242,8899.474301375078,2206.315306973862,2679.6217832572033,0.08110296195806402,0.08036304158550746,14.352447832991812,12.794230998434074,11.256679940361819
2024-01-01 22:40:00,compute-01,compute,41.26803826881504,7.471834601574686,3.9777076409052774,1.1281540483731198,24.650945899882018,0.8558234575168102,0.4711482963786188,45.144190845578365,4024.47915811999,1.451401109786255,84142723.87027104,0.0,74.73964058266084,10676654.064278126,46.68068629989081,23.639556834207767,866.4616651282835,91.09996934516319,639.0877959879889,983.0369543524575,3.851557350461443,0.5031259629854109,21.701753579823936,6170.985367159358,8404.339368485627,2361.5279088262487,2596.777402775869,0.08550731096654095,0.08371590274797594,14.159948682636982,12.784772635639047,11.406713400163786
2024-01-01 22:45:00,compute-01,compute,40.25567204486426,7.468253447056716,4.022387553288591,1.1562339026012967,24.85820915300927,0.8272570234230346,0.4749045699050144,43.63584793583779,4014.7703198045656,1.3656460469516263,84427787.907606,0.0,74.94649864052725,10796159.666848948,48.373669237915166,24.438332509444013,864.414026799633,85.87120152080936,640.547328927948,977.3235406590048,4.0237639916190355,0.47699761248542555,21.08080460265756,6222.459185344461,8643.055570535185,2312.4743927548575,2649.636557595029,0.08125378901649663,0.07647478125678973,13.651116717295979,12.846783750436499,11.61003070230641
2024-01-01 22:50:00,compute-01,compute,42.18202188229222,7.5370622781167205,4.080423727525457,1.1650324303840611,24.34983615577687,0.856496201749636,0.48167427321895917,44.6797029900863,3994.0537487634824,1.4034923372996122,85509310.58990829,0.0,75.82172548653162,10833031.343496803,49.158170916558035,24.47988309411492,884.2576204067902,88.60575195201504,641.7022864308267,976.1662887057062,4.14220813606503,0.46352307377227986,21.160870405095007,6208.534543061498,8643.409925290814,2402.9033984486664,2773.370924877548,0.07751836150708909,0.08702724895110439,13.8697977854352,12.974844514404747,11.527104781656833
2024-01-01 22:55:00,compute-01,compute,41.19483941983295,7.448641125496072,4.047185359746718,1.12642770486974,24.74942689441066,0.8371110403837231,0.4756612541841837,44.09821962212663,3911.059328105576,1.4342468229238838,85249110.35057655,0.0,75.19767605098602,10670780.12719055,46.910298648697776,24.68328618217607,884.298407004232,89.78751731109604,620.0787750242584,979.627270456356,3.9791480934057177,0.4758330116919699,21.024517725265447,6110.111421356666,8568.988995041384,2323.2141056562455,2543.047723590382,0.0840191262000716,0.08867857768229827,13.738893147740008,12.827370184610123,11.456838516281877
2024-01-01 23:00:00,compute-01,compute,40.21321666924511,6.927045347466193,3.914949655501686,1.0628561627555033,22.997599966872386,0.8086514660189768,0.4502789413514655,43.783043833079546,4118.3357253511185,1.5422307964384754,84792213.92051013,0.0,71.20791736671043,10863139.631732043,49.34453149532179,23.821523951060573,882.9245500477563,90.62677961664193,599.8929782822206,946.7367306535715,4.042454424856137,0.49874618836353635,19.597860238509455,6011.508887669974,8727.397775552767,2310.9580063233857,2598.44209549085,0.0735279902488222,0.08622352985252589,14.117681833205635,12.8033050990302,11.444990028000952
2024-01-01 23:05:00,compute-01,compute,39.51309679882209,7.018520998106153,3.7567496922690458,1.0462246372777297,22.716436663132264,0.8170756372875133,0.4431383275032265,44.94597152158687,4108.53775148545,1.4799233393162476,84525646.60927871,0.0,71.4977172914322,10691466.64921081,48.276191576865415,23.813886555841304,857.9625239725815,86.81476452290647,624.4308114398806,978.2714435097348,3.9430079950990713,0.47019124358392017,19.75493034948647,5927.075259658698,8527.377273342132,2206.3855077309267,2601.01268419863,0.08622900175629701,0.07401800357893373,14.041972833856034,12.923978206248737,11.499289900164879
2024-01-01 23:10:00,compute-01,compute,39.64006104247406,6.847106152934851,3.9773515308312652,1.1298507688486834,24.012087224052518,0.8149756246854811,0.44111113945139474,43.863714993409495,4057.3046809014845,1.4523057713932646,85669795.97147356,0.0,71.03257957575674,10909464.527972437,48.38976330665982,23.137260610731907,850.1464917760595,89.11474912553614,602.6117900572151,962.5798576452604,3.949130380445741,0.4965850197326782,19.67951301867438,6394.08800606676,8628.675362516617,2258.275755530618,2629.7912222067134,0.07799604010580978,0.08460444926897763,14.214364632316157,12.991954584187742,11.649359132128783
2024-01-01 23:15:00,compute-01,compute,40.62027895785387,7.029129076155433,3.695944922888311,1.1073026364727685,22.661008363376027,0.8165390004374867,0.458789633875147,44.98207449217951,4121.8023531992085,1.4375824859429893,84456812.31955451,0.0,70.93725542144527,10626747.466565847,49.89333190967532,23.659302077009727,854.3012095931032,83.2320865703719,583.1586967628531,951.1192087181465,4.091886321013863,0.47617179163691303,19.686925222601175,5964.858206902355,8088.202270266263,2281.039249416902,2808.295827736704,0.08121146258331495,0.08265740816336496,14.212121271195995,12.808954784739102,11.523215757162877
2024-01-01 23:20:00,compute-01,compute,39.80012673700175,6.994484762914964,3.658909321530203,1.0973615900814084,23.21751726036947,0.8030432586757433,0.44641065832281945,43.2368254959323,4003.684541042223,1.4078622553272628,83835755.2774622,0.0,71.17023086846476,10832845.757529931,49.602569216267675,25.428414941242004,884.201535501114,90.93193024947541,606.4053964886045,949.5913787491312,4.020515073245712,0.48529995358466116,19.187139608688188,5898.3181260688725,8230.798217127485,2222.13706519249,2602.8786194722234,0.08716769921873276,0.08625473463520242,13.835570625471535,12.838310089394195,11.751135309254446
2024-01-01 23:25:00,compute-01,compute,40.05627309725379,6.92760711398041,3.803477828225369,1.0893043272912066,22.859654068372073,0.7762197894047433,0.45116963042229685,44.4960886502617,4100.755314525877,1.4486066382084508,85781062.43661697,0.0,70.83344166063407,10389920.965519508,49.64619385472936,24.75734075488674,848.1825830824898,88.19342034901022,621.2708973391829,956.9411029956884,3.9763409890313848,0.49233313054627814,20.189350716815444,5911.855094675294,8518.718589023665,2229.212384575355,2638.4400014244234,0.09011622501434621,0.08017419625643889,14.230907829168547,12.795229092246311,11.622682370495594
2024-01-01 23:30:00,compute-01,compute,39.81424796566764,6.9654399051011415,3.573068723709877,1.0834955860384479,22.843383595302853,0.8119134544351255,0.45217831088740945,45.086053487315205,4003.4546809543203,1.4298367514243746,84902009.51199628,0.0,71.41769838374542,10817529.243897645,47.21721205253788,24.54904781258377,889.2362633854877,90.10321703341064,589.1050645430659,959.7857131440263,3.9845252571892935,0.4683501248306466,20.221531139970566,6483.177829681207,8029.164700478319,2308.8737241781237,2590.0466144295096,0.08601276860607938,0.08531087238807296,14.333126264670287,12.88889213061504,11.309075762064625
2024-01-01 23:35:00,compute-01,compute,39.734703201871675,6.9734046678389445,3.7507918635720228,1.093061763231563,23.54318358075801,0.8097788249291127,0.45586028407518603,44.35361458152215,3994.487493627462,1.4288682839381062,85282987.9734865,0.0,70.96984382119973,10565930.576660752,48.1330329605261,22.622070862053256,889.690066710243,89.39756053942304,596.5698540413988,968.6522212397696,4.08049483602717,0.4639605177726658,20.171640114362628,6221.5702196430575,8174.960804124197,2283.0828266027424,2515.797268668739,0.07782582604236998,0.0770268852898684,14.175928006308187,12.700674806450161,11.340098294586761
2024-01-01 23:40:00,compute-01,compute,40.18461510469138,7.0139556517323385,3.8116446924394154,1.0438546765520438,23.006099058748674,0.8012675445448744,0.45306169401416957,43.868548133519056,3931.049944457021,1.457000007964486,85324782.35464725,0.0,71.05813914622624,10749695.071912251,45.17779115700577,25.220113454528455,848.6184790398729,87.87561098530809,619.8178007952943,918.4063645028929,3.995350870093447,0.4793900360420618,19.797101327747058,6179.219017209529,8224.653111435828,2233.1491776591747,2690.2123769747154,0.07930375482734613,0.09413761682319247,14.184001909118976,13.01727873447841,11.422416822841344
2024-01-01 23:45:00,compute-01,compute,39.41972679420254,7.021652322987785,3.8843127925767065,1.1060873511176277,22.67478316381952,0.8186969464222476,0.44980168513229773,43.76518025939148,3940.8362181965585,1.455169716584588,84428489.90419994,0.0,71.02630323735828,10976297.902848825,47.71012707924243,24.079656353632885,879.3976381465012,87.23080380477099,600.1171270871774,973.6861762543822,3.8962351623697056,0.46716998021932793,18.992266974605236,6124.206394410526,8161.413249239546,2238.972450117714,2584.147486043344,0.08376051511929117,0.08081627232227886,13.928155331137063,12.93374358969021,11.74921941359449
2024-01-01 23:50:00,compute-01,compute,39.71110481705226,6.981857381207459,3.848218277950683,1.113563106633825,23.373274889447693,0.7994775365165169,0.4482766484552943,43.899451412584945,3945.5274440935236,1.4954605532585064,83912879.82603641,0.0,71.41009370259974,10743143.382815475,48.74386368743944,24.951173156123605,901.124735784773,87.70859835621668,562.8072989491812,918.6335394543781,3.892527029167347,0.500929523455154,19.031731817141132,6205.402497844185,8168.38769587933,2203.8357056703016,2604.076004315354,0.08532388438807312,0.07971326767007904,14.1353055744191,12.799340415401096,11.600036569745622
2024-01-01 23:55:00,compute-01,compute,40.16909425590042,6.947283260219139,3.752284310561257,1.067409778886254,23.88432159016918,0.8074386414181792,0.4450284953968994,45.224487976490416,3986.449109112207,1.4090911141447697,84958254.61221574,0.0,71.03364820205965,10695395.549027853,47.18446762534074,24.35068829134573,863.2344912154472,91.85589821864932,632.1455164393597,941.7962747186614,4.119330567267323,0.4963256367013354,19.72952833037806,6237.232091193296,8331.123958680924,2153.664920418991,2789.6960809619477,0.07371600081619278,0.07421732985179473,13.808398443514692,12.836733558532394,11.576145757433196
